-- MySQL dump 10.13  Distrib 8.0.31, for Linux (x86_64)
--
-- Host: localhost    Database: ucebni_karticky
-- ------------------------------------------------------
-- Server version	8.0.31-0ubuntu0.22.04.1

/*!40101 SET @OLD_CHARACTER_SET_CLIENT=@@CHARACTER_SET_CLIENT */;
/*!40101 SET @OLD_CHARACTER_SET_RESULTS=@@CHARACTER_SET_RESULTS */;
/*!40101 SET @OLD_COLLATION_CONNECTION=@@COLLATION_CONNECTION */;
/*!50503 SET NAMES utf8mb4 */;
/*!40103 SET @OLD_TIME_ZONE=@@TIME_ZONE */;
/*!40103 SET TIME_ZONE='+00:00' */;
/*!40014 SET @OLD_UNIQUE_CHECKS=@@UNIQUE_CHECKS, UNIQUE_CHECKS=0 */;
/*!40014 SET @OLD_FOREIGN_KEY_CHECKS=@@FOREIGN_KEY_CHECKS, FOREIGN_KEY_CHECKS=0 */;
/*!40101 SET @OLD_SQL_MODE=@@SQL_MODE, SQL_MODE='NO_AUTO_VALUE_ON_ZERO' */;
/*!40111 SET @OLD_SQL_NOTES=@@SQL_NOTES, SQL_NOTES=0 */;

--
-- Table structure for table `assigned_exercises`
--

DROP TABLE IF EXISTS `assigned_exercises`;
/*!40101 SET @saved_cs_client     = @@character_set_client */;
/*!50503 SET character_set_client = utf8mb4 */;
CREATE TABLE `assigned_exercises` (
  `id` bigint unsigned NOT NULL AUTO_INCREMENT,
  `exercise_id` bigint unsigned NOT NULL,
  `group_id` bigint unsigned NOT NULL,
  `created_at` timestamp NULL DEFAULT NULL,
  `updated_at` timestamp NULL DEFAULT NULL,
  PRIMARY KEY (`id`),
  KEY `assigned_exercises_exercise_id_foreign` (`exercise_id`),
  KEY `assigned_exercises_group_id_foreign` (`group_id`),
  CONSTRAINT `assigned_exercises_exercise_id_foreign` FOREIGN KEY (`exercise_id`) REFERENCES `exercises` (`id`) ON DELETE CASCADE,
  CONSTRAINT `assigned_exercises_group_id_foreign` FOREIGN KEY (`group_id`) REFERENCES `groups` (`id`) ON DELETE CASCADE
) ENGINE=InnoDB AUTO_INCREMENT=69 DEFAULT CHARSET=utf8mb4 COLLATE=utf8mb4_unicode_ci;
/*!40101 SET character_set_client = @saved_cs_client */;

--
-- Dumping data for table `assigned_exercises`
--

LOCK TABLES `assigned_exercises` WRITE;
/*!40000 ALTER TABLE `assigned_exercises` DISABLE KEYS */;
INSERT INTO `assigned_exercises` VALUES (1,12,2,NULL,NULL),(2,18,2,NULL,NULL),(3,9,8,NULL,NULL),(4,10,8,NULL,NULL),(5,17,8,NULL,NULL),(6,19,8,NULL,NULL),(7,3,9,NULL,NULL),(8,5,9,NULL,NULL),(9,12,9,NULL,NULL),(10,17,9,NULL,NULL),(11,2,10,NULL,NULL),(12,9,10,NULL,NULL),(13,12,10,NULL,NULL),(14,19,10,NULL,NULL),(15,2,11,NULL,NULL),(16,11,11,NULL,NULL),(17,13,11,NULL,NULL),(18,5,12,NULL,NULL),(19,7,12,NULL,NULL),(20,17,12,NULL,NULL),(21,10,13,NULL,NULL),(22,14,13,NULL,NULL),(23,5,14,NULL,NULL),(24,7,14,NULL,NULL),(25,15,14,NULL,NULL),(26,20,14,NULL,NULL),(27,1,15,NULL,NULL),(28,9,15,NULL,NULL),(29,7,16,NULL,NULL),(30,19,16,NULL,NULL),(31,12,17,NULL,NULL),(32,15,17,NULL,NULL),(33,20,17,NULL,NULL),(34,9,18,NULL,NULL),(35,17,18,NULL,NULL),(36,19,18,NULL,NULL),(37,11,19,NULL,NULL),(38,13,19,NULL,NULL),(39,2,20,NULL,NULL),(40,4,20,NULL,NULL),(41,12,20,NULL,NULL),(42,20,20,NULL,NULL),(43,1,21,NULL,NULL),(44,2,21,NULL,NULL),(45,5,21,NULL,NULL),(46,8,22,NULL,NULL),(47,9,22,NULL,NULL),(48,18,22,NULL,NULL),(49,1,23,NULL,NULL),(50,3,23,NULL,NULL),(51,12,23,NULL,NULL),(52,18,23,NULL,NULL),(53,1,24,NULL,NULL),(54,3,24,NULL,NULL),(55,8,24,NULL,NULL),(56,3,25,NULL,NULL),(57,7,25,NULL,NULL),(58,12,25,NULL,NULL),(59,17,25,NULL,NULL),(60,6,26,NULL,NULL),(61,10,26,NULL,NULL),(62,14,26,NULL,NULL),(63,16,26,NULL,NULL),(64,4,27,NULL,NULL),(65,9,27,NULL,NULL),(66,17,27,NULL,NULL),(67,20,27,NULL,NULL),(68,1,2,NULL,NULL);
/*!40000 ALTER TABLE `assigned_exercises` ENABLE KEYS */;
UNLOCK TABLES;

--
-- Table structure for table `attempts`
--

DROP TABLE IF EXISTS `attempts`;
/*!40101 SET @saved_cs_client     = @@character_set_client */;
/*!50503 SET character_set_client = utf8mb4 */;
CREATE TABLE `attempts` (
  `id` bigint unsigned NOT NULL AUTO_INCREMENT,
  `exercise_id` bigint unsigned NOT NULL,
  `user_id` bigint unsigned NOT NULL,
  `spend_time` time NOT NULL,
  `correct_answers_number` int unsigned NOT NULL,
  `wrong_answers_number` int unsigned NOT NULL,
  `created_at` timestamp NULL DEFAULT NULL,
  `updated_at` timestamp NULL DEFAULT NULL,
  PRIMARY KEY (`id`),
  KEY `attempts_exercise_id_foreign` (`exercise_id`),
  KEY `attempts_user_id_foreign` (`user_id`),
  CONSTRAINT `attempts_exercise_id_foreign` FOREIGN KEY (`exercise_id`) REFERENCES `exercises` (`id`) ON DELETE CASCADE,
  CONSTRAINT `attempts_user_id_foreign` FOREIGN KEY (`user_id`) REFERENCES `users` (`id`) ON DELETE CASCADE
) ENGINE=InnoDB AUTO_INCREMENT=102 DEFAULT CHARSET=utf8mb4 COLLATE=utf8mb4_unicode_ci;
/*!40101 SET character_set_client = @saved_cs_client */;

--
-- Dumping data for table `attempts`
--

LOCK TABLES `attempts` WRITE;
/*!40000 ALTER TABLE `attempts` DISABLE KEYS */;
INSERT INTO `attempts` VALUES (1,1,2,'00:42:00',2,1,'2022-12-14 11:07:17','2022-12-14 11:07:17'),(2,8,83,'05:31:49',4,5,'2022-12-14 11:07:17','2022-12-14 11:07:17'),(3,12,44,'11:51:06',1,12,'2022-12-14 11:07:18','2022-12-14 11:07:18'),(4,13,96,'01:39:25',7,4,'2022-12-14 11:07:18','2022-12-14 11:07:18'),(5,12,86,'22:27:19',6,7,'2022-12-14 11:07:18','2022-12-14 11:07:18'),(6,16,55,'04:17:39',11,0,'2022-12-14 11:07:18','2022-12-14 11:07:18'),(7,14,90,'18:16:07',6,5,'2022-12-14 11:07:18','2022-12-14 11:07:18'),(8,6,95,'14:17:21',3,3,'2022-12-14 11:07:18','2022-12-14 11:07:18'),(9,16,98,'02:34:50',3,8,'2022-12-14 11:07:18','2022-12-14 11:07:18'),(10,13,79,'02:55:23',3,8,'2022-12-14 11:07:18','2022-12-14 11:07:18'),(11,6,97,'03:53:02',0,6,'2022-12-14 11:07:18','2022-12-14 11:07:18'),(12,17,51,'20:46:49',10,2,'2022-12-14 11:07:18','2022-12-14 11:07:18'),(13,16,48,'23:37:11',9,2,'2022-12-14 11:07:18','2022-12-14 11:07:18'),(14,12,99,'06:09:18',7,6,'2022-12-14 11:07:19','2022-12-14 11:07:19'),(15,3,65,'07:50:24',0,10,'2022-12-14 11:07:19','2022-12-14 11:07:19'),(16,3,81,'22:15:08',9,1,'2022-12-14 11:07:19','2022-12-14 11:07:19'),(17,16,85,'03:59:53',9,2,'2022-12-14 11:07:19','2022-12-14 11:07:19'),(18,7,40,'17:05:46',2,9,'2022-12-14 11:07:19','2022-12-14 11:07:19'),(19,10,61,'08:13:26',7,1,'2022-12-14 11:07:19','2022-12-14 11:07:19'),(20,2,32,'09:25:47',5,8,'2022-12-14 11:07:19','2022-12-14 11:07:19'),(21,11,39,'17:31:47',5,3,'2022-12-14 11:07:19','2022-12-14 11:07:19'),(22,18,55,'12:42:14',0,4,'2022-12-14 11:07:19','2022-12-14 11:07:19'),(23,13,64,'03:43:56',2,9,'2022-12-14 11:07:20','2022-12-14 11:07:20'),(24,2,88,'01:28:54',13,0,'2022-12-14 11:07:20','2022-12-14 11:07:20'),(25,1,40,'01:23:38',1,14,'2022-12-14 11:07:20','2022-12-14 11:07:20'),(26,6,37,'07:59:00',3,3,'2022-12-14 11:07:20','2022-12-14 11:07:20'),(27,18,84,'03:23:58',4,0,'2022-12-14 11:07:20','2022-12-14 11:07:20'),(28,7,47,'20:53:39',5,6,'2022-12-14 11:07:20','2022-12-14 11:07:20'),(29,9,64,'12:31:02',8,2,'2022-12-14 11:07:21','2022-12-14 11:07:21'),(30,3,56,'22:15:54',0,10,'2022-12-14 11:07:21','2022-12-14 11:07:21'),(31,15,49,'06:07:55',5,2,'2022-12-14 11:07:21','2022-12-14 11:07:21'),(32,2,100,'16:36:34',0,13,'2022-12-14 11:07:21','2022-12-14 11:07:21'),(33,1,99,'18:44:26',12,3,'2022-12-14 11:07:21','2022-12-14 11:07:21'),(34,12,69,'17:44:34',7,6,'2022-12-14 11:07:22','2022-12-14 11:07:22'),(35,15,67,'10:55:48',4,3,'2022-12-14 11:07:22','2022-12-14 11:07:22'),(36,6,100,'15:22:09',4,2,'2022-12-14 11:07:22','2022-12-14 11:07:22'),(37,9,100,'01:25:25',2,8,'2022-12-14 11:07:22','2022-12-14 11:07:22'),(38,12,72,'22:24:38',11,2,'2022-12-14 11:07:22','2022-12-14 11:07:22'),(39,2,67,'03:01:08',0,13,'2022-12-14 11:07:22','2022-12-14 11:07:22'),(40,6,59,'17:06:56',4,2,'2022-12-14 11:07:22','2022-12-14 11:07:22'),(41,14,72,'01:38:27',7,4,'2022-12-14 11:07:22','2022-12-14 11:07:22'),(42,18,39,'10:31:46',1,3,'2022-12-14 11:07:22','2022-12-14 11:07:22'),(43,12,67,'17:45:16',13,0,'2022-12-14 11:07:22','2022-12-14 11:07:22'),(44,13,47,'15:20:24',6,5,'2022-12-14 11:07:23','2022-12-14 11:07:23'),(45,1,43,'14:27:20',6,9,'2022-12-14 11:07:23','2022-12-14 11:07:23'),(46,3,55,'07:54:24',5,5,'2022-12-14 11:07:23','2022-12-14 11:07:23'),(47,16,60,'18:21:56',1,10,'2022-12-14 11:07:23','2022-12-14 11:07:23'),(48,15,89,'09:55:24',5,2,'2022-12-14 11:07:23','2022-12-14 11:07:23'),(49,19,60,'14:24:11',0,5,'2022-12-14 11:07:23','2022-12-14 11:07:23'),(50,4,100,'15:41:10',10,2,'2022-12-14 11:07:23','2022-12-14 11:07:23'),(51,14,85,'08:33:16',9,2,'2022-12-14 11:07:23','2022-12-14 11:07:23'),(52,2,84,'02:04:19',3,10,'2022-12-14 11:07:23','2022-12-14 11:07:23'),(53,9,95,'18:40:42',9,1,'2022-12-14 11:07:23','2022-12-14 11:07:23'),(54,8,80,'09:59:50',1,8,'2022-12-14 11:07:23','2022-12-14 11:07:23'),(55,17,70,'03:10:03',4,8,'2022-12-14 11:07:24','2022-12-14 11:07:24'),(56,20,72,'23:46:33',4,11,'2022-12-14 11:07:24','2022-12-14 11:07:24'),(57,17,36,'17:18:39',10,2,'2022-12-14 11:07:24','2022-12-14 11:07:24'),(58,19,39,'09:56:08',0,5,'2022-12-14 11:07:24','2022-12-14 11:07:24'),(59,8,31,'06:02:48',4,5,'2022-12-14 11:07:24','2022-12-14 11:07:24'),(60,13,94,'04:48:20',2,9,'2022-12-14 11:07:24','2022-12-14 11:07:24'),(61,7,38,'14:07:40',1,10,'2022-12-14 11:07:24','2022-12-14 11:07:24'),(62,6,63,'02:47:34',3,3,'2022-12-14 11:07:24','2022-12-14 11:07:24'),(63,17,31,'02:45:27',8,4,'2022-12-14 11:07:24','2022-12-14 11:07:24'),(64,1,91,'06:24:27',6,9,'2022-12-14 11:07:24','2022-12-14 11:07:24'),(65,11,78,'17:32:27',8,0,'2022-12-14 11:07:24','2022-12-14 11:07:24'),(66,15,62,'12:57:44',0,7,'2022-12-14 11:07:24','2022-12-14 11:07:24'),(67,18,36,'03:00:01',4,0,'2022-12-14 11:07:25','2022-12-14 11:07:25'),(68,12,74,'11:24:22',13,0,'2022-12-14 11:07:25','2022-12-14 11:07:25'),(69,18,48,'08:18:00',1,3,'2022-12-14 11:07:26','2022-12-14 11:07:26'),(70,12,36,'01:29:09',8,5,'2022-12-14 11:07:26','2022-12-14 11:07:26'),(71,15,36,'00:20:00',7,0,'2022-12-14 11:07:26','2022-12-14 11:07:26'),(72,15,72,'01:07:30',7,0,'2022-12-14 11:07:26','2022-12-14 11:07:26'),(73,17,62,'05:44:19',3,9,'2022-12-14 11:07:27','2022-12-14 11:07:27'),(74,12,58,'12:05:00',12,1,'2022-12-14 11:07:27','2022-12-14 11:07:27'),(75,4,96,'04:16:10',8,4,'2022-12-14 11:07:28','2022-12-14 11:07:28'),(76,1,83,'15:08:14',14,1,'2022-12-14 11:07:28','2022-12-14 11:07:28'),(77,18,67,'00:36:09',0,4,'2022-12-14 11:07:28','2022-12-14 11:07:28'),(78,11,84,'17:21:45',7,1,'2022-12-14 11:07:28','2022-12-14 11:07:28'),(79,9,80,'13:31:56',3,7,'2022-12-14 11:07:29','2022-12-14 11:07:29'),(80,15,85,'17:50:01',5,2,'2022-12-14 11:07:29','2022-12-14 11:07:29'),(81,15,46,'23:05:40',5,2,'2022-12-14 11:07:29','2022-12-14 11:07:29'),(82,4,94,'09:05:35',2,10,'2022-12-14 11:07:29','2022-12-14 11:07:29'),(83,19,79,'20:35:06',4,1,'2022-12-14 11:07:29','2022-12-14 11:07:29'),(84,17,79,'19:21:01',10,2,'2022-12-14 11:07:29','2022-12-14 11:07:29'),(85,2,96,'02:47:03',12,1,'2022-12-14 11:07:30','2022-12-14 11:07:30'),(86,4,82,'18:32:07',4,8,'2022-12-14 11:07:30','2022-12-14 11:07:30'),(87,8,32,'16:00:47',6,3,'2022-12-14 11:07:30','2022-12-14 11:07:30'),(88,19,66,'11:29:40',1,4,'2022-12-14 11:07:30','2022-12-14 11:07:30'),(89,8,34,'18:18:58',0,9,'2022-12-14 11:07:30','2022-12-14 11:07:30'),(90,10,52,'19:27:26',5,3,'2022-12-14 11:07:30','2022-12-14 11:07:30'),(91,6,73,'02:54:40',6,0,'2022-12-14 11:07:30','2022-12-14 11:07:30'),(92,19,69,'19:07:34',1,4,'2022-12-14 11:07:30','2022-12-14 11:07:30'),(93,6,70,'12:02:23',4,2,'2022-12-14 11:07:30','2022-12-14 11:07:30'),(94,14,89,'09:39:02',4,7,'2022-12-14 11:07:31','2022-12-14 11:07:31'),(95,7,92,'14:44:38',4,7,'2022-12-14 11:07:31','2022-12-14 11:07:31'),(96,14,48,'08:41:15',7,4,'2022-12-14 11:07:31','2022-12-14 11:07:31'),(97,5,88,'19:06:55',6,6,'2022-12-14 11:07:31','2022-12-14 11:07:31'),(98,7,60,'03:12:37',0,11,'2022-12-14 11:07:31','2022-12-14 11:07:31'),(99,12,89,'18:50:48',6,7,'2022-12-14 11:07:31','2022-12-14 11:07:31'),(100,18,57,'03:16:22',2,2,'2022-12-14 11:07:31','2022-12-14 11:07:31'),(101,6,66,'05:01:04',0,6,'2022-12-14 11:07:31','2022-12-14 11:07:31');
/*!40000 ALTER TABLE `attempts` ENABLE KEYS */;
UNLOCK TABLES;

--
-- Table structure for table `exercises`
--

DROP TABLE IF EXISTS `exercises`;
/*!40101 SET @saved_cs_client     = @@character_set_client */;
/*!50503 SET character_set_client = utf8mb4 */;
CREATE TABLE `exercises` (
  `id` bigint unsigned NOT NULL AUTO_INCREMENT,
  `author` bigint unsigned NOT NULL,
  `name` varchar(255) COLLATE utf8mb4_unicode_ci NOT NULL,
  `description` varchar(255) COLLATE utf8mb4_unicode_ci DEFAULT NULL,
  `topic` varchar(255) COLLATE utf8mb4_unicode_ci DEFAULT NULL,
  `visibility` enum('private','public') COLLATE utf8mb4_unicode_ci NOT NULL,
  `show_timer` tinyint(1) NOT NULL DEFAULT '1',
  `created_at` timestamp NULL DEFAULT NULL,
  `updated_at` timestamp NULL DEFAULT NULL,
  PRIMARY KEY (`id`),
  KEY `exercises_author_foreign` (`author`),
  CONSTRAINT `exercises_author_foreign` FOREIGN KEY (`author`) REFERENCES `users` (`id`) ON DELETE CASCADE
) ENGINE=InnoDB AUTO_INCREMENT=21 DEFAULT CHARSET=utf8mb4 COLLATE=utf8mb4_unicode_ci;
/*!40101 SET character_set_client = @saved_cs_client */;

--
-- Dumping data for table `exercises`
--

LOCK TABLES `exercises` WRITE;
/*!40000 ALTER TABLE `exercises` DISABLE KEYS */;
INSERT INTO `exercises` VALUES (1,3,'Elektrotechnické měření','Kartičky pro procvičení základních pojmů z předmětu ELM','Elektrotechnika','private',1,'2022-12-14 11:06:45','2022-12-14 11:06:45'),(2,5,'molestiae quam','Illo numquam voluptatem aut voluptatem quo.','iure','public',0,'2022-12-14 11:06:45','2022-12-14 11:06:45'),(3,6,'aspernatur iure','Exercitationem odio non nam aliquid deserunt.','unde','public',0,'2022-12-14 11:06:45','2022-12-14 11:06:45'),(4,21,'laboriosam voluptas','Sint omnis voluptas id.','dolorem','private',0,'2022-12-14 11:06:45','2022-12-14 11:06:45'),(5,26,'saepe odit','Quae aut qui.','iste','public',1,'2022-12-14 11:06:45','2022-12-14 11:06:45'),(6,29,'sed sint','Odio mollitia vitae temporibus ut.','autem','private',0,'2022-12-14 11:06:45','2022-12-14 11:06:45'),(7,3,'beatae in','Eum facere iure cumque.','qui','public',0,'2022-12-14 11:06:45','2022-12-14 11:06:45'),(8,27,'a porro','Aut maiores numquam commodi.','ullam','public',0,'2022-12-14 11:06:46','2022-12-14 11:06:46'),(9,23,'architecto reiciendis','Dignissimos ut perferendis reiciendis consectetur.','quaerat','private',0,'2022-12-14 11:06:46','2022-12-14 11:06:46'),(10,28,'quas quae','Eaque iste quo.','praesentium','public',1,'2022-12-14 11:06:46','2022-12-14 11:06:46'),(11,23,'repellendus tenetur','Ad excepturi natus qui vitae.','exercitationem','private',1,'2022-12-14 11:06:46','2022-12-14 11:06:46'),(12,7,'aut voluptas','Natus et ab.','cupiditate','public',1,'2022-12-14 11:06:46','2022-12-14 11:06:46'),(13,5,'est dolor','Assumenda aut adipisci ducimus sit.','dolorem','public',0,'2022-12-14 11:06:46','2022-12-14 11:06:46'),(14,26,'et autem','Illo nihil quisquam atque id.','corrupti','private',1,'2022-12-14 11:06:46','2022-12-14 11:06:46'),(15,13,'at accusantium','Quod qui vero est.','optio','private',0,'2022-12-14 11:06:46','2022-12-14 11:06:46'),(16,29,'eveniet suscipit','Quod quisquam dignissimos debitis et harum.','quia','public',1,'2022-12-14 11:06:46','2022-12-14 11:06:46'),(17,4,'est voluptatem','Expedita et maxime error ex.','esse','public',1,'2022-12-14 11:06:46','2022-12-14 11:06:46'),(18,13,'et aliquid','Qui commodi cumque laboriosam.','accusantium','public',1,'2022-12-14 11:06:46','2022-12-14 11:06:46'),(19,17,'cupiditate molestiae','Qui consectetur sequi.','ad','private',1,'2022-12-14 11:06:47','2022-12-14 11:06:47'),(20,21,'ullam dicta','Ut sint delectus enim enim.','ex','private',0,'2022-12-14 11:06:47','2022-12-14 11:06:47');
/*!40000 ALTER TABLE `exercises` ENABLE KEYS */;
UNLOCK TABLES;

--
-- Table structure for table `failed_jobs`
--

DROP TABLE IF EXISTS `failed_jobs`;
/*!40101 SET @saved_cs_client     = @@character_set_client */;
/*!50503 SET character_set_client = utf8mb4 */;
CREATE TABLE `failed_jobs` (
  `id` bigint unsigned NOT NULL AUTO_INCREMENT,
  `uuid` varchar(255) COLLATE utf8mb4_unicode_ci NOT NULL,
  `connection` text COLLATE utf8mb4_unicode_ci NOT NULL,
  `queue` text COLLATE utf8mb4_unicode_ci NOT NULL,
  `payload` longtext COLLATE utf8mb4_unicode_ci NOT NULL,
  `exception` longtext COLLATE utf8mb4_unicode_ci NOT NULL,
  `failed_at` timestamp NOT NULL DEFAULT CURRENT_TIMESTAMP,
  PRIMARY KEY (`id`),
  UNIQUE KEY `failed_jobs_uuid_unique` (`uuid`)
) ENGINE=InnoDB DEFAULT CHARSET=utf8mb4 COLLATE=utf8mb4_unicode_ci;
/*!40101 SET character_set_client = @saved_cs_client */;

--
-- Dumping data for table `failed_jobs`
--

LOCK TABLES `failed_jobs` WRITE;
/*!40000 ALTER TABLE `failed_jobs` DISABLE KEYS */;
/*!40000 ALTER TABLE `failed_jobs` ENABLE KEYS */;
UNLOCK TABLES;

--
-- Table structure for table `flashcards`
--

DROP TABLE IF EXISTS `flashcards`;
/*!40101 SET @saved_cs_client     = @@character_set_client */;
/*!50503 SET character_set_client = utf8mb4 */;
CREATE TABLE `flashcards` (
  `id` bigint unsigned NOT NULL AUTO_INCREMENT,
  `exercise_id` bigint unsigned NOT NULL,
  `question` varchar(255) COLLATE utf8mb4_unicode_ci NOT NULL,
  `answer` varchar(255) COLLATE utf8mb4_unicode_ci NOT NULL,
  `created_at` timestamp NULL DEFAULT NULL,
  `updated_at` timestamp NULL DEFAULT NULL,
  PRIMARY KEY (`id`),
  KEY `flashcards_exercise_id_foreign` (`exercise_id`),
  CONSTRAINT `flashcards_exercise_id_foreign` FOREIGN KEY (`exercise_id`) REFERENCES `exercises` (`id`) ON DELETE CASCADE
) ENGINE=InnoDB AUTO_INCREMENT=204 DEFAULT CHARSET=utf8mb4 COLLATE=utf8mb4_unicode_ci;
/*!40101 SET character_set_client = @saved_cs_client */;

--
-- Dumping data for table `flashcards`
--

LOCK TABLES `flashcards` WRITE;
/*!40000 ALTER TABLE `flashcards` DISABLE KEYS */;
INSERT INTO `flashcards` VALUES (1,1,'Co je to osciloskop','Osciloskop je elektronický měřicí přístroj s obrazovkou vykreslující časový průběh měřeného napěťového signálu.','2022-12-14 11:06:47','2022-12-14 11:06:47'),(2,1,'Co je to multimetr','Multimetr (nebo také multitester) je elektronický měřicí přístroj, který v sobě kombinuje několik funkcí','2022-12-14 11:06:47','2022-12-14 11:06:47'),(3,1,'Co je to rezistor','Rezistor je pasivní elektrotechnická součástka projevující se v elektrickém obvodu v ideálním případě jedinou vlastností – elektrickým odporem (jednotka Ohm, značka Ω).','2022-12-14 11:06:47','2022-12-14 11:06:47'),(4,7,'Reprehenderit laborum.','quas sequi provident','2022-12-14 11:06:47','2022-12-14 11:06:47'),(5,2,'Consequatur qui.','vel aut architecto','2022-12-14 11:06:47','2022-12-14 11:06:47'),(6,13,'Sed tenetur quia.','iusto ipsam necessitatibus','2022-12-14 11:06:47','2022-12-14 11:06:47'),(7,14,'Sunt quaerat necessitatibus.','iste omnis id','2022-12-14 11:06:47','2022-12-14 11:06:47'),(8,16,'Maiores sed reprehenderit.','necessitatibus doloremque magni','2022-12-14 11:06:48','2022-12-14 11:06:48'),(9,12,'Et voluptatem suscipit.','id quos sapiente','2022-12-14 11:06:48','2022-12-14 11:06:48'),(10,1,'Sit eaque et.','alias optio nobis','2022-12-14 11:06:48','2022-12-14 11:06:48'),(11,17,'Optio non.','ipsa sunt quis','2022-12-14 11:06:48','2022-12-14 11:06:48'),(12,16,'Hic sit.','consequatur voluptas commodi','2022-12-14 11:06:48','2022-12-14 11:06:48'),(13,8,'Hic facere quasi.','assumenda omnis dolorem','2022-12-14 11:06:48','2022-12-14 11:06:48'),(14,1,'Qui molestias aperiam.','sed rerum ex','2022-12-14 11:06:48','2022-12-14 11:06:48'),(15,10,'Commodi est hic.','et neque explicabo','2022-12-14 11:06:48','2022-12-14 11:06:48'),(16,3,'Eligendi cum reiciendis.','dicta laudantium accusamus','2022-12-14 11:06:48','2022-12-14 11:06:48'),(17,11,'Dolores aut laboriosam.','minus sed rerum','2022-12-14 11:06:48','2022-12-14 11:06:48'),(18,9,'Praesentium et tempore.','consectetur quidem quia','2022-12-14 11:06:49','2022-12-14 11:06:49'),(19,14,'Distinctio a.','officiis et reprehenderit','2022-12-14 11:06:49','2022-12-14 11:06:49'),(20,9,'Optio aperiam consequatur.','quia aliquam saepe','2022-12-14 11:06:49','2022-12-14 11:06:49'),(21,3,'Quos similique.','at ut et','2022-12-14 11:06:49','2022-12-14 11:06:49'),(22,5,'Sit dicta corrupti.','itaque cumque ea','2022-12-14 11:06:49','2022-12-14 11:06:49'),(23,20,'Reprehenderit id nostrum.','officiis consequatur voluptatum','2022-12-14 11:06:49','2022-12-14 11:06:49'),(24,5,'Eos cupiditate id.','quos perferendis cumque','2022-12-14 11:06:49','2022-12-14 11:06:49'),(25,8,'Animi harum error.','omnis libero non','2022-12-14 11:06:49','2022-12-14 11:06:49'),(26,14,'Iste velit molestiae.','quam et autem','2022-12-14 11:06:49','2022-12-14 11:06:49'),(27,13,'Accusamus necessitatibus.','est eos vel','2022-12-14 11:06:50','2022-12-14 11:06:50'),(28,5,'Est soluta illo.','accusantium consequuntur consectetur','2022-12-14 11:06:50','2022-12-14 11:06:50'),(29,20,'Asperiores aut rem.','rerum quis fugiat','2022-12-14 11:06:50','2022-12-14 11:06:50'),(30,8,'Aut doloremque laudantium.','porro possimus magnam','2022-12-14 11:06:50','2022-12-14 11:06:50'),(31,8,'Iure aperiam quis.','iste est autem','2022-12-14 11:06:50','2022-12-14 11:06:50'),(32,14,'Ducimus quasi harum.','sit quis facere','2022-12-14 11:06:50','2022-12-14 11:06:50'),(33,11,'Nesciunt hic.','odio voluptatem ea','2022-12-14 11:06:50','2022-12-14 11:06:50'),(34,1,'Est reprehenderit ut.','porro excepturi architecto','2022-12-14 11:06:50','2022-12-14 11:06:50'),(35,5,'Alias qui omnis.','dolorum non natus','2022-12-14 11:06:50','2022-12-14 11:06:50'),(36,2,'Corrupti quidem a.','eos voluptates iste','2022-12-14 11:06:50','2022-12-14 11:06:50'),(37,15,'Est numquam.','ipsam qui qui','2022-12-14 11:06:50','2022-12-14 11:06:50'),(38,2,'Eveniet necessitatibus reiciendis.','quos et eum','2022-12-14 11:06:51','2022-12-14 11:06:51'),(39,15,'Corrupti iusto ad.','saepe excepturi aut','2022-12-14 11:06:51','2022-12-14 11:06:51'),(40,20,'Quos libero.','sed eos consequuntur','2022-12-14 11:06:51','2022-12-14 11:06:51'),(41,5,'Dolorem nihil.','id sapiente explicabo','2022-12-14 11:06:51','2022-12-14 11:06:51'),(42,16,'Odit sit.','ratione magni placeat','2022-12-14 11:06:51','2022-12-14 11:06:51'),(43,18,'Ut inventore quaerat.','ut aut rerum','2022-12-14 11:06:51','2022-12-14 11:06:51'),(44,11,'Atque mollitia.','veritatis sit ducimus','2022-12-14 11:06:51','2022-12-14 11:06:51'),(45,9,'Vitae quae ex.','consectetur eos cumque','2022-12-14 11:06:51','2022-12-14 11:06:51'),(46,12,'Et aut earum.','voluptatem necessitatibus reprehenderit','2022-12-14 11:06:51','2022-12-14 11:06:51'),(47,11,'Nulla necessitatibus.','ipsam qui autem','2022-12-14 11:06:52','2022-12-14 11:06:52'),(48,4,'Sed cumque voluptatum.','soluta et aut','2022-12-14 11:06:52','2022-12-14 11:06:52'),(49,16,'Accusamus voluptas.','exercitationem molestiae porro','2022-12-14 11:06:52','2022-12-14 11:06:52'),(50,14,'Error vel.','quia voluptas voluptatem','2022-12-14 11:06:52','2022-12-14 11:06:52'),(51,4,'Atque minima.','perspiciatis error aliquid','2022-12-14 11:06:52','2022-12-14 11:06:52'),(52,20,'Temporibus accusamus.','placeat animi harum','2022-12-14 11:06:52','2022-12-14 11:06:52'),(53,7,'Assumenda necessitatibus commodi.','repellat voluptatem sit','2022-12-14 11:06:52','2022-12-14 11:06:52'),(54,4,'Illo temporibus.','pariatur saepe sunt','2022-12-14 11:06:52','2022-12-14 11:06:52'),(55,8,'Ab deleniti.','libero et et','2022-12-14 11:06:52','2022-12-14 11:06:52'),(56,15,'Deleniti deserunt non.','accusantium labore porro','2022-12-14 11:06:52','2022-12-14 11:06:52'),(57,12,'Vel aspernatur.','aspernatur doloribus tenetur','2022-12-14 11:06:53','2022-12-14 11:06:53'),(58,15,'Distinctio ducimus.','cupiditate cupiditate veniam','2022-12-14 11:06:53','2022-12-14 11:06:53'),(59,5,'Adipisci id.','sapiente maxime qui','2022-12-14 11:06:53','2022-12-14 11:06:53'),(60,14,'Enim omnis.','suscipit qui reprehenderit','2022-12-14 11:06:53','2022-12-14 11:06:53'),(61,10,'Fugit quia.','nostrum veritatis quia','2022-12-14 11:06:53','2022-12-14 11:06:53'),(62,19,'Sit amet.','non soluta saepe','2022-12-14 11:06:53','2022-12-14 11:06:53'),(63,20,'Natus placeat.','consequatur qui perspiciatis','2022-12-14 11:06:53','2022-12-14 11:06:53'),(64,4,'Minima quibusdam.','sunt ut cumque','2022-12-14 11:06:53','2022-12-14 11:06:53'),(65,3,'Atque quia at.','ipsam magnam itaque','2022-12-14 11:06:53','2022-12-14 11:06:53'),(66,8,'Minus et sed.','sed repellendus quae','2022-12-14 11:06:53','2022-12-14 11:06:53'),(67,5,'Maiores voluptatibus ea.','rerum consequatur rerum','2022-12-14 11:06:54','2022-12-14 11:06:54'),(68,5,'Eum sed.','libero illum aperiam','2022-12-14 11:06:54','2022-12-14 11:06:54'),(69,4,'Numquam voluptatem facilis.','est minima qui','2022-12-14 11:06:54','2022-12-14 11:06:54'),(70,20,'Alias est est.','rerum quae et','2022-12-14 11:06:54','2022-12-14 11:06:54'),(71,20,'Voluptate dolore in.','nemo tempora omnis','2022-12-14 11:06:54','2022-12-14 11:06:54'),(72,3,'Molestias neque.','repudiandae cupiditate culpa','2022-12-14 11:06:54','2022-12-14 11:06:54'),(73,2,'Consequatur quia expedita.','quaerat voluptatum quasi','2022-12-14 11:06:54','2022-12-14 11:06:54'),(74,20,'Eos repellat corporis.','aut aut voluptatem','2022-12-14 11:06:54','2022-12-14 11:06:54'),(75,2,'Perspiciatis quas minus.','ea totam ratione','2022-12-14 11:06:54','2022-12-14 11:06:54'),(76,6,'Quia dolore.','et distinctio sequi','2022-12-14 11:06:54','2022-12-14 11:06:54'),(77,8,'At excepturi molestiae.','rem non pariatur','2022-12-14 11:06:55','2022-12-14 11:06:55'),(78,7,'Quasi animi.','sunt fugiat sed','2022-12-14 11:06:55','2022-12-14 11:06:55'),(79,16,'Vitae maiores quaerat.','et id minima','2022-12-14 11:06:55','2022-12-14 11:06:55'),(80,18,'Sed distinctio.','et excepturi excepturi','2022-12-14 11:06:55','2022-12-14 11:06:55'),(81,16,'Eos delectus.','et beatae earum','2022-12-14 11:06:55','2022-12-14 11:06:55'),(82,18,'Et accusamus.','eligendi quis qui','2022-12-14 11:06:55','2022-12-14 11:06:55'),(83,15,'Commodi et omnis.','earum et ut','2022-12-14 11:06:55','2022-12-14 11:06:55'),(84,6,'Est omnis.','laudantium porro tempore','2022-12-14 11:06:55','2022-12-14 11:06:55'),(85,15,'Deleniti eaque aliquid.','magni dolores minima','2022-12-14 11:06:55','2022-12-14 11:06:55'),(86,17,'Provident consequatur placeat.','dicta ad sed','2022-12-14 11:06:55','2022-12-14 11:06:55'),(87,10,'Omnis debitis omnis.','earum est fugiat','2022-12-14 11:06:56','2022-12-14 11:06:56'),(88,13,'Similique consectetur.','est assumenda distinctio','2022-12-14 11:06:56','2022-12-14 11:06:56'),(89,6,'Nostrum harum cupiditate.','velit expedita fugit','2022-12-14 11:06:56','2022-12-14 11:06:56'),(90,3,'Sapiente facilis occaecati.','culpa ut voluptatem','2022-12-14 11:06:56','2022-12-14 11:06:56'),(91,5,'Dicta iste qui.','ratione exercitationem nemo','2022-12-14 11:06:56','2022-12-14 11:06:56'),(92,13,'Nisi tempore in.','possimus nemo dicta','2022-12-14 11:06:56','2022-12-14 11:06:56'),(93,1,'Illum modi.','perspiciatis voluptatem voluptatum','2022-12-14 11:06:56','2022-12-14 11:06:56'),(94,4,'Ipsam non.','odit quasi itaque','2022-12-14 11:06:56','2022-12-14 11:06:56'),(95,17,'Laborum excepturi rem.','excepturi laborum labore','2022-12-14 11:06:56','2022-12-14 11:06:56'),(96,15,'Provident voluptatem sed.','qui aut quaerat','2022-12-14 11:06:57','2022-12-14 11:06:57'),(97,17,'Harum ea sequi.','et dignissimos ducimus','2022-12-14 11:06:57','2022-12-14 11:06:57'),(98,2,'Quia aperiam.','cum labore animi','2022-12-14 11:06:57','2022-12-14 11:06:57'),(99,12,'Id magni.','voluptatem est sequi','2022-12-14 11:06:57','2022-12-14 11:06:57'),(100,2,'Voluptatum ut necessitatibus.','reprehenderit est et','2022-12-14 11:06:57','2022-12-14 11:06:57'),(101,9,'Eos qui.','dolores dicta ut','2022-12-14 11:06:57','2022-12-14 11:06:57'),(102,2,'Nulla et.','consectetur quae et','2022-12-14 11:06:57','2022-12-14 11:06:57'),(103,16,'Voluptas omnis.','tempora voluptatem assumenda','2022-12-14 11:06:57','2022-12-14 11:06:57'),(104,4,'Odio omnis.','tempora ullam veritatis','2022-12-14 11:06:57','2022-12-14 11:06:57'),(105,2,'Reprehenderit aut excepturi.','autem exercitationem ab','2022-12-14 11:06:57','2022-12-14 11:06:57'),(106,6,'Ut et.','molestiae sunt sunt','2022-12-14 11:06:57','2022-12-14 11:06:57'),(107,16,'Natus ea adipisci.','illo quidem doloremque','2022-12-14 11:06:58','2022-12-14 11:06:58'),(108,20,'Cumque animi eligendi.','ad repellat excepturi','2022-12-14 11:06:58','2022-12-14 11:06:58'),(109,1,'Natus et.','enim ut autem','2022-12-14 11:06:58','2022-12-14 11:06:58'),(110,9,'Tempore neque consequatur.','doloribus qui occaecati','2022-12-14 11:06:58','2022-12-14 11:06:58'),(111,14,'Commodi harum.','fugit et veniam','2022-12-14 11:06:58','2022-12-14 11:06:58'),(112,3,'Sed voluptates.','dolores sit enim','2022-12-14 11:06:59','2022-12-14 11:06:59'),(113,7,'Qui voluptate repellat.','et ab id','2022-12-14 11:06:59','2022-12-14 11:06:59'),(114,16,'Non omnis.','facere dolorum est','2022-12-14 11:06:59','2022-12-14 11:06:59'),(115,7,'Optio nihil.','sapiente temporibus quod','2022-12-14 11:06:59','2022-12-14 11:06:59'),(116,18,'Sint minima.','commodi adipisci sunt','2022-12-14 11:06:59','2022-12-14 11:06:59'),(117,20,'Enim quaerat.','tempore harum in','2022-12-14 11:06:59','2022-12-14 11:06:59'),(118,14,'Suscipit nulla.','quam repellendus harum','2022-12-14 11:06:59','2022-12-14 11:06:59'),(119,9,'Quibusdam harum nam.','saepe fugit ipsa','2022-12-14 11:06:59','2022-12-14 11:06:59'),(120,2,'Quibusdam non sed.','tempora quos dolores','2022-12-14 11:06:59','2022-12-14 11:06:59'),(121,5,'Hic quia.','eum placeat inventore','2022-12-14 11:07:00','2022-12-14 11:07:00'),(122,11,'Ratione vero.','officia ab et','2022-12-14 11:07:00','2022-12-14 11:07:00'),(123,4,'Excepturi exercitationem.','aut ut consectetur','2022-12-14 11:07:00','2022-12-14 11:07:00'),(124,12,'Quis omnis et.','et nihil eligendi','2022-12-14 11:07:00','2022-12-14 11:07:00'),(125,20,'Beatae quaerat suscipit.','tenetur voluptatem reprehenderit','2022-12-14 11:07:00','2022-12-14 11:07:00'),(126,4,'Officiis accusantium reiciendis.','incidunt aspernatur ad','2022-12-14 11:07:00','2022-12-14 11:07:00'),(127,4,'Aut maxime vel.','eveniet in molestias','2022-12-14 11:07:00','2022-12-14 11:07:00'),(128,3,'Culpa consequuntur.','hic nihil odio','2022-12-14 11:07:00','2022-12-14 11:07:00'),(129,13,'Et ipsam aut.','ullam dolorum error','2022-12-14 11:07:00','2022-12-14 11:07:00'),(130,17,'Voluptate earum vel.','ullam corporis nesciunt','2022-12-14 11:07:00','2022-12-14 11:07:00'),(131,8,'Voluptas et et.','vitae veritatis totam','2022-12-14 11:07:01','2022-12-14 11:07:01'),(132,12,'Veniam saepe maiores.','autem iure nemo','2022-12-14 11:07:01','2022-12-14 11:07:01'),(133,7,'Soluta et dignissimos.','doloribus unde iste','2022-12-14 11:07:01','2022-12-14 11:07:01'),(134,17,'Omnis qui distinctio.','nulla nihil eligendi','2022-12-14 11:07:01','2022-12-14 11:07:01'),(135,5,'Aut eum officiis.','voluptatem molestiae sint','2022-12-14 11:07:01','2022-12-14 11:07:01'),(136,5,'Qui ad consequatur.','excepturi adipisci et','2022-12-14 11:07:01','2022-12-14 11:07:01'),(137,9,'Ut minima quia.','qui exercitationem nulla','2022-12-14 11:07:01','2022-12-14 11:07:01'),(138,19,'Recusandae non.','odio quaerat vel','2022-12-14 11:07:02','2022-12-14 11:07:02'),(139,13,'Impedit possimus ab.','excepturi ex saepe','2022-12-14 11:07:02','2022-12-14 11:07:02'),(140,20,'Illum possimus.','consequatur ea nisi','2022-12-14 11:07:02','2022-12-14 11:07:02'),(141,4,'Aut dolorum.','sit officia enim','2022-12-14 11:07:02','2022-12-14 11:07:02'),(142,13,'Dolorem ut nihil.','ipsum qui aperiam','2022-12-14 11:07:02','2022-12-14 11:07:02'),(143,12,'Molestiae facere.','debitis ut qui','2022-12-14 11:07:02','2022-12-14 11:07:02'),(144,13,'Asperiores qui.','fugiat necessitatibus provident','2022-12-14 11:07:02','2022-12-14 11:07:02'),(145,11,'Commodi est quaerat.','voluptas illo dolorum','2022-12-14 11:07:02','2022-12-14 11:07:02'),(146,12,'Adipisci quia.','dolor et odit','2022-12-14 11:07:02','2022-12-14 11:07:02'),(147,8,'Similique recusandae.','sint cupiditate omnis','2022-12-14 11:07:03','2022-12-14 11:07:03'),(148,10,'Omnis non.','eveniet odio similique','2022-12-14 11:07:03','2022-12-14 11:07:03'),(149,19,'Omnis est ut.','est aspernatur ut','2022-12-14 11:07:03','2022-12-14 11:07:03'),(150,12,'Voluptate molestiae sapiente.','distinctio aut aliquam','2022-12-14 11:07:03','2022-12-14 11:07:03'),(151,9,'Non ipsa.','animi est nihil','2022-12-14 11:07:03','2022-12-14 11:07:03'),(152,14,'Repellat ex nam.','sed est quis','2022-12-14 11:07:03','2022-12-14 11:07:03'),(153,7,'Neque occaecati sed.','accusantium voluptas iste','2022-12-14 11:07:03','2022-12-14 11:07:03'),(154,10,'Harum quae.','cum est aut','2022-12-14 11:07:03','2022-12-14 11:07:03'),(155,20,'Vel qui.','consequatur exercitationem possimus','2022-12-14 11:07:03','2022-12-14 11:07:03'),(156,17,'Culpa voluptatem sed.','omnis quisquam aspernatur','2022-12-14 11:07:03','2022-12-14 11:07:03'),(157,4,'Amet consequatur eos.','architecto rem temporibus','2022-12-14 11:07:04','2022-12-14 11:07:04'),(158,17,'Vel ut magnam.','consectetur dolorem ut','2022-12-14 11:07:04','2022-12-14 11:07:04'),(159,9,'Nam est.','nobis molestiae adipisci','2022-12-14 11:07:04','2022-12-14 11:07:04'),(160,20,'Sit adipisci quia.','consequatur rerum assumenda','2022-12-14 11:07:04','2022-12-14 11:07:04'),(161,17,'Deserunt fuga.','eos nulla explicabo','2022-12-14 11:07:04','2022-12-14 11:07:04'),(162,1,'Ut et perspiciatis.','dolorum quis nostrum','2022-12-14 11:07:04','2022-12-14 11:07:04'),(163,10,'Perferendis voluptatem ab.','magni aut illum','2022-12-14 11:07:04','2022-12-14 11:07:04'),(164,1,'Sint ut.','voluptas omnis atque','2022-12-14 11:07:04','2022-12-14 11:07:04'),(165,2,'Voluptatem dolorum.','sapiente sint alias','2022-12-14 11:07:04','2022-12-14 11:07:04'),(166,10,'Et vero dolorem.','dicta illo pariatur','2022-12-14 11:07:04','2022-12-14 11:07:04'),(167,1,'Suscipit consequatur dolores.','rerum dicta fugit','2022-12-14 11:07:04','2022-12-14 11:07:04'),(168,7,'Ipsum voluptatem consectetur.','eos blanditiis quod','2022-12-14 11:07:05','2022-12-14 11:07:05'),(169,3,'Nam in.','veritatis eos qui','2022-12-14 11:07:05','2022-12-14 11:07:05'),(170,11,'Quia consequatur.','dicta maiores incidunt','2022-12-14 11:07:05','2022-12-14 11:07:05'),(171,12,'Aut sed nisi.','enim quam tempore','2022-12-14 11:07:05','2022-12-14 11:07:05'),(172,6,'Dicta sunt.','porro unde nihil','2022-12-14 11:07:05','2022-12-14 11:07:05'),(173,2,'Nesciunt sed sequi.','quo est rem','2022-12-14 11:07:05','2022-12-14 11:07:05'),(174,12,'Eum corporis ipsa.','repellendus nostrum a','2022-12-14 11:07:05','2022-12-14 11:07:05'),(175,12,'Adipisci ratione debitis.','nemo dolores dolores','2022-12-14 11:07:05','2022-12-14 11:07:05'),(176,7,'Debitis voluptatem perferendis.','aut ratione eaque','2022-12-14 11:07:05','2022-12-14 11:07:05'),(177,17,'Tempora in illo.','corrupti sapiente sint','2022-12-14 11:07:06','2022-12-14 11:07:06'),(178,16,'In non sed.','deleniti corporis reprehenderit','2022-12-14 11:07:06','2022-12-14 11:07:06'),(179,10,'Odio fugiat laborum.','ullam aut at','2022-12-14 11:07:06','2022-12-14 11:07:06'),(180,19,'Sequi laboriosam dolor.','repellat pariatur eos','2022-12-14 11:07:06','2022-12-14 11:07:06'),(181,13,'Vel corrupti numquam.','aut deleniti architecto','2022-12-14 11:07:06','2022-12-14 11:07:06'),(182,1,'Et similique.','minus animi et','2022-12-14 11:07:06','2022-12-14 11:07:06'),(183,3,'Consequuntur voluptas.','tempora qui laboriosam','2022-12-14 11:07:06','2022-12-14 11:07:06'),(184,11,'Molestiae sed exercitationem.','quis harum sint','2022-12-14 11:07:06','2022-12-14 11:07:06'),(185,14,'Exercitationem unde.','accusamus quo vero','2022-12-14 11:07:07','2022-12-14 11:07:07'),(186,1,'Maxime delectus adipisci.','voluptas in repellendus','2022-12-14 11:07:07','2022-12-14 11:07:07'),(187,3,'Asperiores non.','magnam aperiam debitis','2022-12-14 11:07:07','2022-12-14 11:07:07'),(188,14,'Sint explicabo.','alias adipisci sit','2022-12-14 11:07:07','2022-12-14 11:07:07'),(189,16,'Sit similique.','nobis accusantium aut','2022-12-14 11:07:07','2022-12-14 11:07:07'),(190,7,'Veniam facere rerum.','dolorem eveniet non','2022-12-14 11:07:07','2022-12-14 11:07:07'),(191,1,'Cupiditate sed.','maxime fugit quaerat','2022-12-14 11:07:07','2022-12-14 11:07:07'),(192,13,'Voluptates delectus eligendi.','consequatur quasi quibusdam','2022-12-14 11:07:07','2022-12-14 11:07:07'),(193,7,'Atque repellendus ad.','qui sit qui','2022-12-14 11:07:07','2022-12-14 11:07:07'),(194,6,'Odit ad.','repellat saepe expedita','2022-12-14 11:07:07','2022-12-14 11:07:07'),(195,17,'Rerum tempora.','tempore eligendi accusamus','2022-12-14 11:07:07','2022-12-14 11:07:07'),(196,12,'Qui adipisci debitis.','incidunt quisquam suscipit','2022-12-14 11:07:08','2022-12-14 11:07:08'),(197,20,'Eum ut.','odit tempora qui','2022-12-14 11:07:08','2022-12-14 11:07:08'),(198,2,'Non dolorum deleniti.','deserunt minima et','2022-12-14 11:07:08','2022-12-14 11:07:08'),(199,17,'Expedita rerum et.','reprehenderit nulla dolor','2022-12-14 11:07:08','2022-12-14 11:07:08'),(200,13,'At facilis.','et et veniam','2022-12-14 11:07:08','2022-12-14 11:07:08'),(201,19,'Esse et.','sunt commodi provident','2022-12-14 11:07:08','2022-12-14 11:07:08'),(202,9,'Veritatis praesentium.','accusamus voluptatem sit','2022-12-14 11:07:08','2022-12-14 11:07:08'),(203,1,'Ipsum voluptatem omnis.','accusantium voluptas voluptatem','2022-12-14 11:07:08','2022-12-14 11:07:08');
/*!40000 ALTER TABLE `flashcards` ENABLE KEYS */;
UNLOCK TABLES;

--
-- Table structure for table `groups`
--

DROP TABLE IF EXISTS `groups`;
/*!40101 SET @saved_cs_client     = @@character_set_client */;
/*!50503 SET character_set_client = utf8mb4 */;
CREATE TABLE `groups` (
  `id` bigint unsigned NOT NULL AUTO_INCREMENT,
  `owner` bigint unsigned NOT NULL,
  `name` varchar(255) COLLATE utf8mb4_unicode_ci NOT NULL,
  `description` varchar(255) COLLATE utf8mb4_unicode_ci DEFAULT NULL,
  `photo` varchar(255) COLLATE utf8mb4_unicode_ci NOT NULL DEFAULT 'images/default-group.svg',
  `type` enum('teachers','students') COLLATE utf8mb4_unicode_ci NOT NULL,
  `visibility` enum('private','public') COLLATE utf8mb4_unicode_ci NOT NULL,
  `created_at` timestamp NULL DEFAULT NULL,
  `updated_at` timestamp NULL DEFAULT NULL,
  PRIMARY KEY (`id`),
  KEY `groups_owner_foreign` (`owner`),
  CONSTRAINT `groups_owner_foreign` FOREIGN KEY (`owner`) REFERENCES `users` (`id`) ON DELETE CASCADE
) ENGINE=InnoDB AUTO_INCREMENT=28 DEFAULT CHARSET=utf8mb4 COLLATE=utf8mb4_unicode_ci;
/*!40101 SET character_set_client = @saved_cs_client */;

--
-- Dumping data for table `groups`
--

LOCK TABLES `groups` WRITE;
/*!40000 ALTER TABLE `groups` DISABLE KEYS */;
INSERT INTO `groups` VALUES (1,3,'SSPTAJI','Střední škola technická, průmyslová a automobilní Jihlava','https://upload.wikimedia.org/wikipedia/commons/f/f9/Digitaloszilloskop_IMGP1971_WP.jpg','teachers','private','2022-12-14 11:07:08','2022-12-14 11:07:08'),(2,3,'ELM','Elektrotechnícké měření - IT4A','https://upload.wikimedia.org/wikipedia/commons/f/f9/Digitaloszilloskop_IMGP1971_WP.jpg','students','private','2022-12-14 11:07:08','2022-12-14 11:07:08'),(3,30,'dicta minima inventore aut id','Voluptatem libero sequi quia sint.','https://via.placeholder.com/640x480.png/0022ee?text=abstract+qui','teachers','private','2022-12-14 11:07:09','2022-12-14 11:07:09'),(4,18,'et consequatur deserunt animi odit','Sed molestiae non.','https://via.placeholder.com/640x480.png/0033ee?text=abstract+sint','teachers','private','2022-12-14 11:07:09','2022-12-14 11:07:09'),(5,15,'ullam at tempora quo ullam','In totam accusamus temporibus sit in.','https://via.placeholder.com/640x480.png/00aaff?text=abstract+aut','teachers','private','2022-12-14 11:07:09','2022-12-14 11:07:09'),(6,24,'velit dolores facilis minima harum','Sed in qui voluptas ut.','https://via.placeholder.com/640x480.png/00ff77?text=abstract+id','teachers','private','2022-12-14 11:07:09','2022-12-14 11:07:09'),(7,29,'voluptatem et dolores rerum dolorem','Aliquam fuga aut nisi.','https://via.placeholder.com/640x480.png/00ee99?text=abstract+incidunt','teachers','private','2022-12-14 11:07:09','2022-12-14 11:07:09'),(8,18,'ut quibusdam est eius nostrum','Id eum reiciendis exercitationem et.','https://via.placeholder.com/640x480.png/00ccee?text=abstract+temporibus','students','private','2022-12-14 11:07:09','2022-12-14 11:07:09'),(9,8,'ipsum voluptate repudiandae repudiandae ab','Quas aspernatur dolorem autem ipsum.','https://via.placeholder.com/640x480.png/00eecc?text=abstract+est','students','private','2022-12-14 11:07:09','2022-12-14 11:07:09'),(10,21,'dolorum sit odio numquam ut','Et eum et explicabo vero.','https://via.placeholder.com/640x480.png/00ccdd?text=abstract+inventore','students','private','2022-12-14 11:07:09','2022-12-14 11:07:09'),(11,30,'fugit sapiente similique nobis occaecati','Blanditiis assumenda qui molestias.','https://via.placeholder.com/640x480.png/004455?text=abstract+omnis','students','private','2022-12-14 11:07:09','2022-12-14 11:07:09'),(12,27,'non alias ipsam hic dolorum','Pariatur quo in.','https://via.placeholder.com/640x480.png/00aaff?text=abstract+non','students','private','2022-12-14 11:07:09','2022-12-14 11:07:09'),(13,19,'in omnis unde enim aut','Sunt occaecati voluptatem consectetur.','https://via.placeholder.com/640x480.png/009922?text=abstract+velit','students','private','2022-12-14 11:07:10','2022-12-14 11:07:10'),(14,14,'nobis vel illo fuga mollitia','Inventore incidunt ut distinctio.','https://via.placeholder.com/640x480.png/008844?text=abstract+quia','students','private','2022-12-14 11:07:10','2022-12-14 11:07:10'),(15,13,'quidem labore amet exercitationem dolorem','Quas dolore doloremque reprehenderit voluptas rerum.','https://via.placeholder.com/640x480.png/004488?text=abstract+voluptatem','students','private','2022-12-14 11:07:10','2022-12-14 11:07:10'),(16,17,'repellendus nisi nulla iusto voluptatem','Quibusdam dolore aut harum qui.','https://via.placeholder.com/640x480.png/00aaee?text=abstract+voluptatibus','students','private','2022-12-14 11:07:10','2022-12-14 11:07:10'),(17,5,'est voluptatibus explicabo ipsam expedita','Et asperiores sint ullam modi.','https://via.placeholder.com/640x480.png/001166?text=abstract+cum','students','private','2022-12-14 11:07:10','2022-12-14 11:07:10'),(18,23,'quo libero est placeat quidem','Ad ad ad culpa tempora eos.','https://via.placeholder.com/640x480.png/005566?text=abstract+omnis','students','private','2022-12-14 11:07:10','2022-12-14 11:07:10'),(19,6,'ut eius eveniet perferendis sed','Et blanditiis beatae nobis.','https://via.placeholder.com/640x480.png/00ee44?text=abstract+vitae','students','private','2022-12-14 11:07:10','2022-12-14 11:07:10'),(20,5,'nesciunt ratione natus non odio','Itaque quis laborum et.','https://via.placeholder.com/640x480.png/0077cc?text=abstract+vero','students','private','2022-12-14 11:07:10','2022-12-14 11:07:10'),(21,21,'eligendi qui reiciendis aspernatur delectus','Aperiam ducimus minus et.','https://via.placeholder.com/640x480.png/007733?text=abstract+repudiandae','students','private','2022-12-14 11:07:10','2022-12-14 11:07:10'),(22,3,'fugiat aut est iusto culpa','Repudiandae perferendis provident.','https://via.placeholder.com/640x480.png/0033ee?text=abstract+voluptatem','students','private','2022-12-14 11:07:10','2022-12-14 11:07:10'),(23,28,'tempora incidunt similique voluptas tenetur','Porro rerum qui laborum.','https://via.placeholder.com/640x480.png/0022dd?text=abstract+a','students','private','2022-12-14 11:07:10','2022-12-14 11:07:10'),(24,28,'quaerat harum debitis assumenda aspernatur','Nihil fugiat qui laudantium consequatur omnis.','https://via.placeholder.com/640x480.png/00cc44?text=abstract+esse','students','private','2022-12-14 11:07:11','2022-12-14 11:07:11'),(25,25,'est omnis nostrum eligendi rerum','Quia nesciunt sit nisi recusandae laborum.','https://via.placeholder.com/640x480.png/0055bb?text=abstract+officia','students','private','2022-12-14 11:07:11','2022-12-14 11:07:11'),(26,19,'soluta laudantium omnis nesciunt illum','Id voluptate qui dolor quia.','https://via.placeholder.com/640x480.png/00ff11?text=abstract+non','students','private','2022-12-14 11:07:11','2022-12-14 11:07:11'),(27,30,'ut esse et at et','Ut aut accusamus cum.','https://via.placeholder.com/640x480.png/007722?text=abstract+dolor','students','private','2022-12-14 11:07:11','2022-12-14 11:07:11');
/*!40000 ALTER TABLE `groups` ENABLE KEYS */;
UNLOCK TABLES;

--
-- Table structure for table `migrations`
--

DROP TABLE IF EXISTS `migrations`;
/*!40101 SET @saved_cs_client     = @@character_set_client */;
/*!50503 SET character_set_client = utf8mb4 */;
CREATE TABLE `migrations` (
  `id` int unsigned NOT NULL AUTO_INCREMENT,
  `migration` varchar(255) COLLATE utf8mb4_unicode_ci NOT NULL,
  `batch` int NOT NULL,
  PRIMARY KEY (`id`)
) ENGINE=InnoDB AUTO_INCREMENT=12 DEFAULT CHARSET=utf8mb4 COLLATE=utf8mb4_unicode_ci;
/*!40101 SET character_set_client = @saved_cs_client */;

--
-- Dumping data for table `migrations`
--

LOCK TABLES `migrations` WRITE;
/*!40000 ALTER TABLE `migrations` DISABLE KEYS */;
INSERT INTO `migrations` VALUES (1,'2014_10_12_000000_create_users_table',1),(2,'2014_10_12_100000_create_password_resets_table',1),(3,'2019_08_19_000000_create_failed_jobs_table',1),(4,'2019_12_14_000001_create_personal_access_tokens_table',1),(5,'2022_11_01_225019_create_exercises_table',1),(6,'2022_11_01_225415_create_flashcards_table',1),(7,'2022_11_15_220906_create_groups_table',1),(8,'2022_11_16_104422_create_attempts_table',1),(9,'2022_11_16_104544_create_users_memberships_table',1),(10,'2022_11_22_154052_create_assigned_exercises_table',1),(11,'2022_11_24_132416_create_shared_exercises_table',1);
/*!40000 ALTER TABLE `migrations` ENABLE KEYS */;
UNLOCK TABLES;

--
-- Table structure for table `password_resets`
--

DROP TABLE IF EXISTS `password_resets`;
/*!40101 SET @saved_cs_client     = @@character_set_client */;
/*!50503 SET character_set_client = utf8mb4 */;
CREATE TABLE `password_resets` (
  `email` varchar(255) COLLATE utf8mb4_unicode_ci NOT NULL,
  `token` varchar(255) COLLATE utf8mb4_unicode_ci NOT NULL,
  `created_at` timestamp NULL DEFAULT NULL,
  KEY `password_resets_email_index` (`email`)
) ENGINE=InnoDB DEFAULT CHARSET=utf8mb4 COLLATE=utf8mb4_unicode_ci;
/*!40101 SET character_set_client = @saved_cs_client */;

--
-- Dumping data for table `password_resets`
--

LOCK TABLES `password_resets` WRITE;
/*!40000 ALTER TABLE `password_resets` DISABLE KEYS */;
/*!40000 ALTER TABLE `password_resets` ENABLE KEYS */;
UNLOCK TABLES;

--
-- Table structure for table `personal_access_tokens`
--

DROP TABLE IF EXISTS `personal_access_tokens`;
/*!40101 SET @saved_cs_client     = @@character_set_client */;
/*!50503 SET character_set_client = utf8mb4 */;
CREATE TABLE `personal_access_tokens` (
  `id` bigint unsigned NOT NULL AUTO_INCREMENT,
  `tokenable_type` varchar(255) COLLATE utf8mb4_unicode_ci NOT NULL,
  `tokenable_id` bigint unsigned NOT NULL,
  `degree_front` varchar(255) COLLATE utf8mb4_unicode_ci DEFAULT NULL,
  `first_name` varchar(255) COLLATE utf8mb4_unicode_ci NOT NULL,
  `last_name` varchar(255) COLLATE utf8mb4_unicode_ci NOT NULL,
  `degree_after` varchar(255) COLLATE utf8mb4_unicode_ci DEFAULT NULL,
  `account_type` enum('admin','teacher','student') COLLATE utf8mb4_unicode_ci NOT NULL,
  `token` varchar(64) COLLATE utf8mb4_unicode_ci NOT NULL,
  `abilities` text COLLATE utf8mb4_unicode_ci,
  `last_used_at` timestamp NULL DEFAULT NULL,
  `created_at` timestamp NULL DEFAULT NULL,
  `updated_at` timestamp NULL DEFAULT NULL,
  PRIMARY KEY (`id`),
  UNIQUE KEY `personal_access_tokens_token_unique` (`token`),
  KEY `personal_access_tokens_tokenable_type_tokenable_id_index` (`tokenable_type`,`tokenable_id`)
) ENGINE=InnoDB DEFAULT CHARSET=utf8mb4 COLLATE=utf8mb4_unicode_ci;
/*!40101 SET character_set_client = @saved_cs_client */;

--
-- Dumping data for table `personal_access_tokens`
--

LOCK TABLES `personal_access_tokens` WRITE;
/*!40000 ALTER TABLE `personal_access_tokens` DISABLE KEYS */;
/*!40000 ALTER TABLE `personal_access_tokens` ENABLE KEYS */;
UNLOCK TABLES;

--
-- Table structure for table `shared_exercises`
--

DROP TABLE IF EXISTS `shared_exercises`;
/*!40101 SET @saved_cs_client     = @@character_set_client */;
/*!50503 SET character_set_client = utf8mb4 */;
CREATE TABLE `shared_exercises` (
  `id` bigint unsigned NOT NULL AUTO_INCREMENT,
  `exercise_id` bigint unsigned NOT NULL,
  `group_id` bigint unsigned NOT NULL,
  `created_at` timestamp NULL DEFAULT NULL,
  `updated_at` timestamp NULL DEFAULT NULL,
  PRIMARY KEY (`id`),
  KEY `shared_exercises_exercise_id_foreign` (`exercise_id`),
  KEY `shared_exercises_group_id_foreign` (`group_id`),
  CONSTRAINT `shared_exercises_exercise_id_foreign` FOREIGN KEY (`exercise_id`) REFERENCES `exercises` (`id`) ON DELETE CASCADE,
  CONSTRAINT `shared_exercises_group_id_foreign` FOREIGN KEY (`group_id`) REFERENCES `groups` (`id`) ON DELETE CASCADE
) ENGINE=InnoDB AUTO_INCREMENT=9 DEFAULT CHARSET=utf8mb4 COLLATE=utf8mb4_unicode_ci;
/*!40101 SET character_set_client = @saved_cs_client */;

--
-- Dumping data for table `shared_exercises`
--

LOCK TABLES `shared_exercises` WRITE;
/*!40000 ALTER TABLE `shared_exercises` DISABLE KEYS */;
INSERT INTO `shared_exercises` VALUES (1,4,1,NULL,NULL),(2,8,1,NULL,NULL),(3,4,4,NULL,NULL),(4,10,5,NULL,NULL),(5,7,6,NULL,NULL),(6,17,6,NULL,NULL),(7,3,7,NULL,NULL),(8,2,1,NULL,NULL);
/*!40000 ALTER TABLE `shared_exercises` ENABLE KEYS */;
UNLOCK TABLES;

--
-- Table structure for table `users`
--

DROP TABLE IF EXISTS `users`;
/*!40101 SET @saved_cs_client     = @@character_set_client */;
/*!50503 SET character_set_client = utf8mb4 */;
CREATE TABLE `users` (
  `id` bigint unsigned NOT NULL AUTO_INCREMENT,
  `email` varchar(255) COLLATE utf8mb4_unicode_ci NOT NULL,
  `degree_front` varchar(255) COLLATE utf8mb4_unicode_ci DEFAULT NULL,
  `first_name` varchar(255) COLLATE utf8mb4_unicode_ci NOT NULL,
  `last_name` varchar(255) COLLATE utf8mb4_unicode_ci NOT NULL,
  `degree_after` varchar(255) COLLATE utf8mb4_unicode_ci DEFAULT NULL,
  `school` varchar(255) COLLATE utf8mb4_unicode_ci DEFAULT NULL,
  `photo` varchar(255) COLLATE utf8mb4_unicode_ci NOT NULL DEFAULT 'images/default-user.svg',
  `account_type` enum('admin','teacher','student') COLLATE utf8mb4_unicode_ci NOT NULL,
  `email_verified_at` timestamp NULL DEFAULT NULL,
  `password` varchar(255) COLLATE utf8mb4_unicode_ci NOT NULL,
  `remember_token` varchar(100) COLLATE utf8mb4_unicode_ci DEFAULT NULL,
  `created_at` timestamp NULL DEFAULT NULL,
  `updated_at` timestamp NULL DEFAULT NULL,
  PRIMARY KEY (`id`),
  UNIQUE KEY `users_email_unique` (`email`)
) ENGINE=InnoDB AUTO_INCREMENT=101 DEFAULT CHARSET=utf8mb4 COLLATE=utf8mb4_unicode_ci;
/*!40101 SET character_set_client = @saved_cs_client */;

--
-- Dumping data for table `users`
--

LOCK TABLES `users` WRITE;
/*!40000 ALTER TABLE `users` DISABLE KEYS */;
INSERT INTO `users` VALUES (1,'admin@example.com',NULL,'admin','admin',NULL,NULL,'https://via.placeholder.com/640x480.png/00aa22?text=people+pariatur','admin','2022-12-14 11:06:17','$2y$10$dvt.1wpxSJMiyJmNEgQObe0GnIFBtQHtDPjdEesJ6ELjWOOBOS.Oy','q1ulZ6JsEJ','2022-12-14 11:06:17','2022-12-14 11:06:17'),(2,'speedy@example.com',NULL,'Marek','Dočekal',NULL,NULL,'https://via.placeholder.com/640x480.png/0055ee?text=people+excepturi','student','2022-12-14 11:06:17','$2y$10$vvKr3EGS2vaSHMPcT4b8yO6VUNxDRMOaHDkZvvRXL0Bj/dl75Lx42','6nq6cBUVJw','2022-12-14 11:06:17','2022-12-14 11:06:17'),(3,'BBELM@example.com','Dr.','Bohumil','Brtník','Ing.',NULL,'https://via.placeholder.com/640x480.png/0066ff?text=people+aut','teacher','2022-12-14 11:06:17','$2y$10$tvV3kUHdi/hGXTRMtnaDAON1JaTJg4fDrU6J4wuLWIxQYOA6F0E8O','k3NHL0KCe6','2022-12-14 11:06:17','2022-12-14 11:06:17'),(4,'rolfson.benton@example.net','Bc.','Winfield','Treutel','Ing.',NULL,'https://via.placeholder.com/640x480.png/00bbff?text=people+deserunt','teacher','2022-12-14 11:06:18','$2y$10$W81IyHNQjt.PiGE1wg9BlO6iYscs6sDZYPAvQ1KTYntZVux5.PuP6','IfkBXFUrkw','2022-12-14 11:06:21','2022-12-14 11:06:21'),(5,'natasha97@example.org','Mgr.','Alexander','Skiles','Ing.',NULL,'https://via.placeholder.com/640x480.png/00dd00?text=people+tenetur','teacher','2022-12-14 11:06:18','$2y$10$hwziUhQB6U/uqVlUFGMfxOrbWnJ6uVn/4BkVxFRQpRpLHguIa2kUq','trgj8wa5J6','2022-12-14 11:06:21','2022-12-14 11:06:21'),(6,'moen.karina@example.net','Mgr.','Geovany','Goodwin','Ing.',NULL,'https://via.placeholder.com/640x480.png/008899?text=people+corrupti','teacher','2022-12-14 11:06:18','$2y$10$0cI8O2NXKdD7Cu4rsMXxDe9iqdtGlGvycO8dBQPIBMQUoVxFLZQC6','oHAFGT64xo','2022-12-14 11:06:22','2022-12-14 11:06:22'),(7,'kaitlin.konopelski@example.org','Mgr.','Zita','Mayer','PhDr.',NULL,'https://via.placeholder.com/640x480.png/00ff88?text=people+eum','teacher','2022-12-14 11:06:18','$2y$10$uc0.S5sNVDaTGqsFiDOJsOwQebb5u.e.20DQGh2XKhs3VgJZUqUzS','005LDwb4Le','2022-12-14 11:06:22','2022-12-14 11:06:22'),(8,'rempel.kira@example.net','Bc.','Enos','Hahn','Mgr.',NULL,'https://via.placeholder.com/640x480.png/00bbee?text=people+veritatis','teacher','2022-12-14 11:06:18','$2y$10$qHMzZuwuwH3HKtYjI9eFW.Jky.Ui6ipXDxw9rnLjkSZAzetnMUSXW','agynG1ZbFB','2022-12-14 11:06:22','2022-12-14 11:06:22'),(9,'kautzer.clay@example.net','Bc.','Martina','Cummings',NULL,NULL,'https://via.placeholder.com/640x480.png/007766?text=people+ea','teacher','2022-12-14 11:06:18','$2y$10$KSZ3YbWrn5/1Ql.7spC43evtT8g9o2iOdmmk.xASP61FkI99jB0tW','mICQ9taIHj','2022-12-14 11:06:22','2022-12-14 11:06:22'),(10,'floy.mohr@example.net',NULL,'Adele','Rice','Mgr.',NULL,'https://via.placeholder.com/640x480.png/00bb33?text=people+voluptas','teacher','2022-12-14 11:06:18','$2y$10$UjHgqDrhKjxbGUbRPwiMuO6MFmN31o2z0/Zj1bbS03wwepSYRa3kG','dbV0xHq7cP','2022-12-14 11:06:22','2022-12-14 11:06:22'),(11,'muriel43@example.net','PhDr.','Theo','Harber','PhDr.',NULL,'https://via.placeholder.com/640x480.png/006600?text=people+enim','teacher','2022-12-14 11:06:19','$2y$10$Cr3NnuUkwz50xg687VCh4uydk10sqJ/M2XBnkcQ7EcUpwjMXfjbpG','0x6BoIrbvE','2022-12-14 11:06:22','2022-12-14 11:06:22'),(12,'cartwright.maymie@example.net','Bc.','German','Ziemann',NULL,NULL,'https://via.placeholder.com/640x480.png/008833?text=people+omnis','teacher','2022-12-14 11:06:19','$2y$10$/n4jeIODg8MkS.HLC0PEsOADBsY8o6IgpAxJbmsAsh7ywZQNMpsFK','G3FNk5yXhF','2022-12-14 11:06:23','2022-12-14 11:06:23'),(13,'hilario28@example.org','Bc.','Candido','Hill','Ing.',NULL,'https://via.placeholder.com/640x480.png/00ddcc?text=people+consequuntur','teacher','2022-12-14 11:06:19','$2y$10$yyIOzx/OziSjgWRpPcwM/.xNUfj5d7NNfIT08xklx8jUbKebtuKwu','Af57kx0SFm','2022-12-14 11:06:23','2022-12-14 11:06:23'),(14,'yjakubowski@example.com','Ing.','Peggie','Cole','Mgr.',NULL,'https://via.placeholder.com/640x480.png/00aaff?text=people+aut','teacher','2022-12-14 11:06:19','$2y$10$T/3xoiKHxUm0iDGVz7YRa.uX5XNX9bp8Y2LRSXq1ot/U97CJw835O','hRp2dvWL3h','2022-12-14 11:06:23','2022-12-14 11:06:23'),(15,'landen.purdy@example.net',NULL,'Stephan','Schmeler',NULL,NULL,'https://via.placeholder.com/640x480.png/0099ee?text=people+sint','teacher','2022-12-14 11:06:19','$2y$10$1Cykdv5FlgsiZNVytGknc.ffIlCx3CpnHuNWXD/WSV4OWAg5AQr/W','Ygv6yRMlCd','2022-12-14 11:06:23','2022-12-14 11:06:23'),(16,'francis13@example.net','PhDr.','Laurine','Casper','Ing.',NULL,'https://via.placeholder.com/640x480.png/009900?text=people+magni','teacher','2022-12-14 11:06:19','$2y$10$6sRrLLtC3TuMS8d4N4NDqe6RGqUhVYUSy0D0KwggnZpvVy6AQNDU2','M2aLiJIGHr','2022-12-14 11:06:23','2022-12-14 11:06:23'),(17,'hartmann.adrain@example.net','Bc.','Winfield','Morar','Mgr.',NULL,'https://via.placeholder.com/640x480.png/0033dd?text=people+officiis','teacher','2022-12-14 11:06:19','$2y$10$q8RoR2h2EqygyNLxUVUM5.eZYxx/v.LnegYhBbbwLVQ.4qWZz2T1W','xUcWGe4p76','2022-12-14 11:06:24','2022-12-14 11:06:24'),(18,'grady.caesar@example.net','Ing.','Juliet','Herman',NULL,NULL,'https://via.placeholder.com/640x480.png/001111?text=people+provident','teacher','2022-12-14 11:06:20','$2y$10$LmmYvK4UZwCeuhbsAGRaUe3bm8nInG6uZCFo.wGxbL0O0sOUMyE.W','FO8tTQjRlp','2022-12-14 11:06:24','2022-12-14 11:06:24'),(19,'christiansen.gina@example.net','Ing.','Jairo','Pagac','Mgr.',NULL,'https://via.placeholder.com/640x480.png/0099aa?text=people+accusamus','teacher','2022-12-14 11:06:20','$2y$10$Cc/U4V1ikANPa3TYdOm5aeV5p7yqQj8atzB5FV733Ao2MRxTKLztK','wyLe5IhM9B','2022-12-14 11:06:24','2022-12-14 11:06:24'),(20,'tatum.weimann@example.net','Mgr.','Tavares','Ryan',NULL,NULL,'https://via.placeholder.com/640x480.png/007799?text=people+sint','teacher','2022-12-14 11:06:20','$2y$10$wsbUO2iU/wt.bfbZGYXosOyAGtOg6nxf9Q0EWlHMoTaxyeniCUN32','qMqtVRbBeK','2022-12-14 11:06:24','2022-12-14 11:06:24'),(21,'jerrold.hansen@example.com','Ing.','Orlo','Goodwin',NULL,NULL,'https://via.placeholder.com/640x480.png/0022dd?text=people+a','teacher','2022-12-14 11:06:20','$2y$10$H2EVIlBffOgFWnntnLXc8.rbCgYdvSnOSBGaDHX03rGIq1.a41buS','VKO20ckgKI','2022-12-14 11:06:24','2022-12-14 11:06:24'),(22,'savanah68@example.org','Mgr.','Madeline','Steuber','Ing.',NULL,'https://via.placeholder.com/640x480.png/000055?text=people+eum','teacher','2022-12-14 11:06:20','$2y$10$yr9dem9QzwFIf7mHUstdjO.i1bP370tmq1sPU.T8icBCJVOfmjc9S','5dkUoHzvA4','2022-12-14 11:06:24','2022-12-14 11:06:24'),(23,'hintz.noemie@example.org','Ing.','Brandi','Schmidt','Mgr.',NULL,'https://via.placeholder.com/640x480.png/00cc22?text=people+explicabo','teacher','2022-12-14 11:06:20','$2y$10$SqD1FXI3fKQHm6OESQeFhOnA53IBfbbRykyo8O6hDybwDSJIqd4Zu','5XoXICzxvz','2022-12-14 11:06:24','2022-12-14 11:06:24'),(24,'dorothea57@example.net','Mgr.','Titus','Predovic','PhDr.',NULL,'https://via.placeholder.com/640x480.png/00ff99?text=people+consequuntur','teacher','2022-12-14 11:06:20','$2y$10$J3G7ucksuUaRiMwE7DVo9.yywPsIquOG4U9d7ZzCjzArX0BfG1E/6','vWcudjz9qN','2022-12-14 11:06:25','2022-12-14 11:06:25'),(25,'shirley.altenwerth@example.org','Mgr.','Alanis','Runolfsson','Mgr.',NULL,'https://via.placeholder.com/640x480.png/009944?text=people+praesentium','teacher','2022-12-14 11:06:21','$2y$10$WGeA4UAC5vmAmh7ID6a6c.Q/YuIw4cuaRBPBAP0bXX4AcxbwbD3Ri','ZEegkADpi4','2022-12-14 11:06:25','2022-12-14 11:06:25'),(26,'breitenberg.caleb@example.com','PhDr.','Darwin','Heller','PhDr.',NULL,'https://via.placeholder.com/640x480.png/0077aa?text=people+quia','teacher','2022-12-14 11:06:21','$2y$10$9H5qp2hHa/Ok.YcvyS5mDOX6LjVgFE7uVkSIQzUUjt6K6HGffdqWK','ROsy1cnY4J','2022-12-14 11:06:25','2022-12-14 11:06:25'),(27,'jlang@example.net','PhDr.','Arely','Shanahan','PhDr.',NULL,'https://via.placeholder.com/640x480.png/00ff44?text=people+vel','teacher','2022-12-14 11:06:21','$2y$10$3Spl2f4M2wMnceQ7o22CseXeFSg6Yu3Vw2JSjxnIIT575o.YGL04.','wMaczAu0Z8','2022-12-14 11:06:26','2022-12-14 11:06:26'),(28,'fbailey@example.com','Mgr.','Margarette','Bergnaum','Ing.',NULL,'https://via.placeholder.com/640x480.png/00ee11?text=people+enim','teacher','2022-12-14 11:06:21','$2y$10$Bu.PR/ZSN8wRos2C6h.Wdu703oBd599DJX8g.XY9L5VIiGyXsu9ve','Dtq28NplUP','2022-12-14 11:06:26','2022-12-14 11:06:26'),(29,'guido12@example.org',NULL,'Esta','Olson','Ing.',NULL,'https://via.placeholder.com/640x480.png/0033cc?text=people+alias','teacher','2022-12-14 11:06:21','$2y$10$AtoAqG6PqYK9OjmsLYb7DeEefgLc08nIumu0nYPyNYcwoAkejQicm','nRRlhxu0mF','2022-12-14 11:06:26','2022-12-14 11:06:26'),(30,'milo.bartell@example.net','Bc.','Karolann','Crist','PhDr.',NULL,'https://via.placeholder.com/640x480.png/003366?text=people+soluta','teacher','2022-12-14 11:06:21','$2y$10$bzAPmEb9PfUOmcN8dKxfpuqIlqIXjwUp6sxrwbu3XX/4/bCP6ZT0q','vNoeLyZyXd','2022-12-14 11:06:26','2022-12-14 11:06:26'),(31,'dbrown@example.com',NULL,'Nora','Powlowski',NULL,NULL,'https://via.placeholder.com/640x480.png/00cc22?text=people+culpa','student','2022-12-14 11:06:26','$2y$10$i.dWPDH/bqxyjkwYin3ct.3puc7URERaeX11I52W4DZlZpn5VEbAi','vh5ACE10Im','2022-12-14 11:06:36','2022-12-14 11:06:36'),(32,'dboyer@example.net',NULL,'Gilda','Von',NULL,NULL,'https://via.placeholder.com/640x480.png/00cc11?text=people+asperiores','student','2022-12-14 11:06:26','$2y$10$vJ7w4Wf4t9lSlqe/flsXaeTFd1fvuOLLtVt/iNrInfiFlvT7SjkgC','hSn8yFiDB8','2022-12-14 11:06:37','2022-12-14 11:06:37'),(33,'vohara@example.net',NULL,'Lavonne','Lubowitz',NULL,NULL,'https://via.placeholder.com/640x480.png/00aaaa?text=people+est','student','2022-12-14 11:06:27','$2y$10$soJnMjG/4dMZRZ.Te5GyWeZsIn2ZjiNmK4EhPjT.kUl146UTzNaRu','u7xzVusq4P','2022-12-14 11:06:37','2022-12-14 11:06:37'),(34,'waelchi.ivory@example.net',NULL,'Zena','Lakin',NULL,NULL,'https://via.placeholder.com/640x480.png/0044ee?text=people+quos','student','2022-12-14 11:06:27','$2y$10$osXIJi9mR8GpNJU7PpM88eFa2PO1R8akt95Uy9EK0HGhGQUivdEze','RI07IrWehM','2022-12-14 11:06:37','2022-12-14 11:06:37'),(35,'frieda73@example.net',NULL,'Bernita','Rodriguez',NULL,NULL,'https://via.placeholder.com/640x480.png/00dd66?text=people+voluptatum','student','2022-12-14 11:06:27','$2y$10$X20aEtbIy101GP6ycWupoeHIHpBXNu.a8AjDFphM6uJbpZcxOsk8e','y2HARasrv1','2022-12-14 11:06:37','2022-12-14 11:06:37'),(36,'ray.mann@example.org',NULL,'Amely','Homenick',NULL,NULL,'https://via.placeholder.com/640x480.png/004400?text=people+recusandae','student','2022-12-14 11:06:27','$2y$10$Nqlf5wSnaBr3URvczIJgKuMSGOWoGT/cHHjcKMW.VW95gMIRR4gg.','dawQA5k1DP','2022-12-14 11:06:37','2022-12-14 11:06:37'),(37,'tkozey@example.org',NULL,'Alec','Predovic',NULL,NULL,'https://via.placeholder.com/640x480.png/009955?text=people+nisi','student','2022-12-14 11:06:27','$2y$10$2nE.XavMZfU8vtNK/ioij.4VvKuXw.OXTWMdgRH3yfZyNNacEdRNK','RjRfqbwfSy','2022-12-14 11:06:38','2022-12-14 11:06:38'),(38,'catherine.yundt@example.net',NULL,'Alfredo','West',NULL,NULL,'https://via.placeholder.com/640x480.png/00ccff?text=people+itaque','student','2022-12-14 11:06:27','$2y$10$NGrWwGRI3G/AjGirKFx/3u1fJfhxUmsX1oCAT4b16RzMCEruHtkoy','M4QHeNDG3D','2022-12-14 11:06:38','2022-12-14 11:06:38'),(39,'swift.abagail@example.com',NULL,'Lonnie','Watsica',NULL,NULL,'https://via.placeholder.com/640x480.png/00dd11?text=people+maiores','student','2022-12-14 11:06:27','$2y$10$MaDmxOSGSzas1loMsM0Iwu6p0PTqmC6C6hoVI5Pd6filoqLXWpX56','zUP3REoMiq','2022-12-14 11:06:38','2022-12-14 11:06:38'),(40,'celestine53@example.com',NULL,'Laurel','Gorczany',NULL,NULL,'https://via.placeholder.com/640x480.png/009933?text=people+ut','student','2022-12-14 11:06:27','$2y$10$oMUYyr5DvycVRtoDUFTYaeKUFr.K5csKhB/c0/om7HyxDJ/B1zzJ.','ogmQJTcZOD','2022-12-14 11:06:38','2022-12-14 11:06:38'),(41,'marc.lemke@example.com',NULL,'Leonard','Schultz',NULL,NULL,'https://via.placeholder.com/640x480.png/00ff11?text=people+sit','student','2022-12-14 11:06:28','$2y$10$Hof4Hy/X0nWdIpRDc2qgM.Xwsr8xrrJGihwWoAn24rFtBQRrrWELm','ISBkELaqYc','2022-12-14 11:06:39','2022-12-14 11:06:39'),(42,'odickens@example.com',NULL,'Marisa','Bosco',NULL,NULL,'https://via.placeholder.com/640x480.png/007722?text=people+inventore','student','2022-12-14 11:06:28','$2y$10$o2qBW.GZ5.aSXC6mCfELmu1/7j/Khe3U.QFdVKcYag1omBIX3nN8a','vS3RLHD1B9','2022-12-14 11:06:39','2022-12-14 11:06:39'),(43,'lueilwitz.easter@example.org',NULL,'Kiana','Franecki',NULL,NULL,'https://via.placeholder.com/640x480.png/00dd33?text=people+voluptas','student','2022-12-14 11:06:28','$2y$10$016nALMVFzixXrd9nFGykuelIzouyOGXPJMXMTmyqd2ra82hHqZAO','esUCmwM5S6','2022-12-14 11:06:39','2022-12-14 11:06:39'),(44,'fahey.bonita@example.net',NULL,'Rick','Kertzmann',NULL,NULL,'https://via.placeholder.com/640x480.png/005555?text=people+impedit','student','2022-12-14 11:06:28','$2y$10$ns.2Jfb.ShxeJ2sisqboqeqOfpHi6rl7cEvlq4/TAqsp4nO2kQ5MG','LKXAuhdzNM','2022-12-14 11:06:39','2022-12-14 11:06:39'),(45,'elyssa.shanahan@example.net',NULL,'Joey','Koepp',NULL,NULL,'https://via.placeholder.com/640x480.png/0088bb?text=people+in','student','2022-12-14 11:06:28','$2y$10$edlhpP3qn2XeLtio5hKHceHhKk5OP9O3iUx949xY5ZJb56LZFnp3m','pXpS0RXWt6','2022-12-14 11:06:39','2022-12-14 11:06:39'),(46,'jazlyn82@example.net',NULL,'Rey','Mann',NULL,NULL,'https://via.placeholder.com/640x480.png/00ee00?text=people+ab','student','2022-12-14 11:06:28','$2y$10$OojFKqNS28aeKQYCsgvVlO3A5dX2di.SK407rm.o2Wp5kq.BWlxA2','QB4t03eZmI','2022-12-14 11:06:39','2022-12-14 11:06:39'),(47,'eino42@example.net',NULL,'Torey','Kuhic',NULL,NULL,'https://via.placeholder.com/640x480.png/008866?text=people+magnam','student','2022-12-14 11:06:28','$2y$10$.Ppmy4eUlPlLWn65SLhn.Oz2tAqqsTYMXgAl7xGWOvFPfx88Xl64e','u5yfxI6vcY','2022-12-14 11:06:39','2022-12-14 11:06:39'),(48,'casper.asa@example.org',NULL,'Haley','Padberg',NULL,NULL,'https://via.placeholder.com/640x480.png/00aa33?text=people+iusto','student','2022-12-14 11:06:29','$2y$10$Ph8VuC1sEq0wdJEwRNrQ.ekakWAp3.u0oLsxcbyfqeAL.cEM8ggP2','g9UN0mJFx5','2022-12-14 11:06:40','2022-12-14 11:06:40'),(49,'abayer@example.org',NULL,'Neva','Romaguera',NULL,NULL,'https://via.placeholder.com/640x480.png/00ee00?text=people+odit','student','2022-12-14 11:06:29','$2y$10$YpuMxLZvor87.0DY5rF5pu4z3EYjPru.1dotjCdGPnOphKUhjCY8S','R1iCZh4uZ5','2022-12-14 11:06:40','2022-12-14 11:06:40'),(50,'garland64@example.net',NULL,'Julia','O\'Conner',NULL,NULL,'https://via.placeholder.com/640x480.png/005544?text=people+inventore','student','2022-12-14 11:06:29','$2y$10$Bv6mgXnPx4R1Ad.0439D5.5Qs7JEb6LOfR5L1xQL4B3AFXYEC1lGS','J9M523Oxiw','2022-12-14 11:06:40','2022-12-14 11:06:40'),(51,'naomie11@example.com',NULL,'Mariam','Fadel',NULL,NULL,'https://via.placeholder.com/640x480.png/0022dd?text=people+pariatur','student','2022-12-14 11:06:29','$2y$10$G/rF4o3yt6Mhyc7L2MQ9cOYrszZTwq7vbe9EeQzx6rF5YZ/.bR/Bu','onuCbfgDvk','2022-12-14 11:06:40','2022-12-14 11:06:40'),(52,'noelia.steuber@example.net',NULL,'Leonardo','Pouros',NULL,NULL,'https://via.placeholder.com/640x480.png/004433?text=people+aut','student','2022-12-14 11:06:29','$2y$10$td.zZDyQCw1STxo04wONUeI3hYbo6LJplY5NG1HATANMotqa7yqWu','Qpobx3wCnd','2022-12-14 11:06:40','2022-12-14 11:06:40'),(53,'runolfsson.ibrahim@example.net',NULL,'Raheem','Pfannerstill',NULL,NULL,'https://via.placeholder.com/640x480.png/0088bb?text=people+qui','student','2022-12-14 11:06:29','$2y$10$yLsC/Ko9IVudv3Ikr8oU5O4TFaroI7cjfT2/Vc6mlF8p6aeZOJXkq','7jLleOjwi3','2022-12-14 11:06:40','2022-12-14 11:06:40'),(54,'mertz.josh@example.org',NULL,'Delores','Krajcik',NULL,NULL,'https://via.placeholder.com/640x480.png/0066ff?text=people+ad','student','2022-12-14 11:06:29','$2y$10$4yD4XViVw4FrIKn90aR4mePGnnxEQCOLHRGfZu0hWjtA1uSD.eXe2','UzFQBNtr0N','2022-12-14 11:06:40','2022-12-14 11:06:40'),(55,'willa00@example.com',NULL,'Mabel','Bartell',NULL,NULL,'https://via.placeholder.com/640x480.png/0044dd?text=people+nemo','student','2022-12-14 11:06:30','$2y$10$dCmVDY.iVGHqpckkkV0/IOPjpIXV4KXoZSFopZqpmhcRT89gm0UD2','TlK7ahH0FH','2022-12-14 11:06:40','2022-12-14 11:06:40'),(56,'lenora.baumbach@example.net',NULL,'Gardner','Rowe',NULL,NULL,'https://via.placeholder.com/640x480.png/0088cc?text=people+voluptas','student','2022-12-14 11:06:30','$2y$10$6u.et5rzSEaXyDjQ9sEPCONjliuw4nNniNtmxUkO4TU0PaYBTq4fq','5Uf6V18C1B','2022-12-14 11:06:41','2022-12-14 11:06:41'),(57,'fmueller@example.net',NULL,'Ida','Wilkinson',NULL,NULL,'https://via.placeholder.com/640x480.png/00eebb?text=people+ut','student','2022-12-14 11:06:30','$2y$10$WWsQhfP1fI9uwD7WdtPuuu2WTp9zYoF.vWKPXijFw63F1zHtIl2/O','XxontNLBFV','2022-12-14 11:06:41','2022-12-14 11:06:41'),(58,'morissette.kailee@example.com',NULL,'Mozelle','Bergnaum',NULL,NULL,'https://via.placeholder.com/640x480.png/009988?text=people+beatae','student','2022-12-14 11:06:30','$2y$10$8js3VCyeDCahqZ67xliLLOYxlo90uR53XWpOE2f8yy1Rq4CHDOIeK','puYwH6pskv','2022-12-14 11:06:41','2022-12-14 11:06:41'),(59,'vandervort.laurel@example.net',NULL,'Shannon','Bogisich',NULL,NULL,'https://via.placeholder.com/640x480.png/00ccee?text=people+ullam','student','2022-12-14 11:06:30','$2y$10$xuyDz7UjzYNaZmYHBBDEkeuU.Wn0f0PiWgF4z89fb2RBXRGNk5mXi','YFVxNEB6Oz','2022-12-14 11:06:41','2022-12-14 11:06:41'),(60,'lehner.rahsaan@example.org',NULL,'Murphy','Luettgen',NULL,NULL,'https://via.placeholder.com/640x480.png/00ccbb?text=people+quidem','student','2022-12-14 11:06:30','$2y$10$6c.Jq0n1MdTS5xznYxGBheZSlSVD0KAvX/Zcn6KkvKLeK1KLRxTN6','yn2Ewq0Eg8','2022-12-14 11:06:41','2022-12-14 11:06:41'),(61,'rusty.hackett@example.net',NULL,'Brendon','Carroll',NULL,NULL,'https://via.placeholder.com/640x480.png/000099?text=people+eos','student','2022-12-14 11:06:30','$2y$10$4byB7pyJ3NSjMDmLTvZei.Anh2zXmhTgtqLG06olmfW10mV/oDttW','l0fY1QtjMZ','2022-12-14 11:06:41','2022-12-14 11:06:41'),(62,'grant.assunta@example.com',NULL,'Enrico','Lesch',NULL,NULL,'https://via.placeholder.com/640x480.png/0022dd?text=people+dolorem','student','2022-12-14 11:06:31','$2y$10$hAcsW4H4PHCGCzSvSwePfuDmmK6zXqRET/Fr0LRdwmYIcy6Q4oXue','wbj2ZxicVd','2022-12-14 11:06:41','2022-12-14 11:06:41'),(63,'kuphal.wilfrid@example.net',NULL,'Preston','Okuneva',NULL,NULL,'https://via.placeholder.com/640x480.png/00bbee?text=people+enim','student','2022-12-14 11:06:31','$2y$10$Ummj9UrbWqDTqGbFBMQ9HuygFr5PRpgw0XJCYhLS49htCo001Rqd2','iI1UdVAFpm','2022-12-14 11:06:41','2022-12-14 11:06:41'),(64,'wkassulke@example.com',NULL,'Mariam','Weimann',NULL,NULL,'https://via.placeholder.com/640x480.png/0000bb?text=people+in','student','2022-12-14 11:06:31','$2y$10$TRQLLkDUW5Rd7VLAktvlK.PF983U7ezBi4LkC2Ctx.wMObIC9WvVe','itrUl5IP5O','2022-12-14 11:06:41','2022-12-14 11:06:41'),(65,'ella.eichmann@example.com',NULL,'Ernesto','Pagac',NULL,NULL,'https://via.placeholder.com/640x480.png/00bbcc?text=people+qui','student','2022-12-14 11:06:31','$2y$10$JSz/kXssAUV8fCF53LIc.OGMMY1Ixib0q1r/Qmfm.Hl6O5SEe3MMC','hqex3EsP5P','2022-12-14 11:06:41','2022-12-14 11:06:41'),(66,'destini.parisian@example.org',NULL,'Magali','Murphy',NULL,NULL,'https://via.placeholder.com/640x480.png/008811?text=people+assumenda','student','2022-12-14 11:06:31','$2y$10$VfXAVAcsxQdrMrmCZQHNf.XAQu4TZxxgEP4Z/JWzxN0bDQxLsfjyu','jboQ6UtOdn','2022-12-14 11:06:41','2022-12-14 11:06:41'),(67,'zbauch@example.com',NULL,'Einar','Kreiger',NULL,NULL,'https://via.placeholder.com/640x480.png/002299?text=people+aut','student','2022-12-14 11:06:31','$2y$10$sM13e8LdhjHyoEVUrJ86KeJlHTN9AVd/kVYhlEMNxf0QwpFUlVoLO','q6fdm9rRDC','2022-12-14 11:06:41','2022-12-14 11:06:41'),(68,'raynor.elda@example.net',NULL,'Jewel','Heaney',NULL,NULL,'https://via.placeholder.com/640x480.png/00cc00?text=people+deleniti','student','2022-12-14 11:06:31','$2y$10$PBKId9Gph3BRS5y4uGbZN.hth8OqyRkrOfJAqFkDvJ9S6PKxbdL.2','be2kVFn8Mv','2022-12-14 11:06:42','2022-12-14 11:06:42'),(69,'morar.parker@example.net',NULL,'Godfrey','Gleason',NULL,NULL,'https://via.placeholder.com/640x480.png/00ccff?text=people+quaerat','student','2022-12-14 11:06:32','$2y$10$Ybk2A0EoMyxpM6fFwkxxMe8RR.H0w6YvJcgFd8Xb7vXGM8q1n85XS','klZOCPQgVm','2022-12-14 11:06:42','2022-12-14 11:06:42'),(70,'crist.annalise@example.org',NULL,'Adolphus','Mitchell',NULL,NULL,'https://via.placeholder.com/640x480.png/001133?text=people+sint','student','2022-12-14 11:06:32','$2y$10$cWq4lmcg.h735GMDb2T8b.9.x1YJXehVkFUGsBZ/bq4BgbQZnpBDG','huhNd6B4Kz','2022-12-14 11:06:42','2022-12-14 11:06:42'),(71,'herman.gregory@example.net',NULL,'Nyasia','Tillman',NULL,NULL,'https://via.placeholder.com/640x480.png/006600?text=people+similique','student','2022-12-14 11:06:32','$2y$10$RzvPMxZd.3IbWKromofa7OgZ/dSLkrlSpwTPNlDZtP1i/GiGElxq2','q83Ay7ESTn','2022-12-14 11:06:42','2022-12-14 11:06:42'),(72,'muller.elinor@example.net',NULL,'Merl','Smitham',NULL,NULL,'https://via.placeholder.com/640x480.png/007755?text=people+fugit','student','2022-12-14 11:06:32','$2y$10$QSpxOlCbohumWGNFsj1CFOv0E4nToAltLuakKVgjaIikXX.hMJbeq','GTHy2OOOf9','2022-12-14 11:06:42','2022-12-14 11:06:42'),(73,'fay.omer@example.org',NULL,'Alicia','Paucek',NULL,NULL,'https://via.placeholder.com/640x480.png/002233?text=people+iste','student','2022-12-14 11:06:32','$2y$10$fXEBavoQfwnh4vkH6unxrOOx/eIhRmCvTV5fCgAPbiBrHbJKvGe6S','YE5fG6NZjO','2022-12-14 11:06:42','2022-12-14 11:06:42'),(74,'bode.cydney@example.org',NULL,'Robin','Gulgowski',NULL,NULL,'https://via.placeholder.com/640x480.png/007777?text=people+sequi','student','2022-12-14 11:06:32','$2y$10$KWlFWD7FBg5h98AM7ekdves0TJiJyZhAVBmSPuNYaWco7GraZm9oS','otIZadUDxS','2022-12-14 11:06:42','2022-12-14 11:06:42'),(75,'lind.nelda@example.net',NULL,'Johanna','Denesik',NULL,NULL,'https://via.placeholder.com/640x480.png/002266?text=people+aut','student','2022-12-14 11:06:32','$2y$10$gwT0NUGsJBRS4U10x5uDdOVdLmzXQ0V3fDZ.k0qVDEB1CIYdeliLm','yD7oYT9Ycc','2022-12-14 11:06:42','2022-12-14 11:06:42'),(76,'zsmith@example.net',NULL,'Nettie','Abshire',NULL,NULL,'https://via.placeholder.com/640x480.png/005544?text=people+ullam','student','2022-12-14 11:06:33','$2y$10$reE1FdIGChcOA8V/piRybOcKYYQH5mgpSJqb2o7b162XfbxmUh246','ATxvgpvq69','2022-12-14 11:06:43','2022-12-14 11:06:43'),(77,'jaida.funk@example.org',NULL,'Ron','Rogahn',NULL,NULL,'https://via.placeholder.com/640x480.png/008899?text=people+sequi','student','2022-12-14 11:06:33','$2y$10$RNcXwS0UGaKNOjbRdq44dujd/YHh/XI.JQmX1cMZS.IdK9VtfRGJq','ChP1N1WsuT','2022-12-14 11:06:43','2022-12-14 11:06:43'),(78,'candice.koch@example.com',NULL,'Triston','Runte',NULL,NULL,'https://via.placeholder.com/640x480.png/0011aa?text=people+eum','student','2022-12-14 11:06:33','$2y$10$hRbcG6qPRB1jzWMLDjirZ.rhjpT/bldvKdIOR912gNdmLGU2THKZ.','M0ILfH8sSB','2022-12-14 11:06:43','2022-12-14 11:06:43'),(79,'lind.brian@example.net',NULL,'Omari','Gottlieb',NULL,NULL,'https://via.placeholder.com/640x480.png/0099cc?text=people+dolorum','student','2022-12-14 11:06:33','$2y$10$w0iHNHnBtpY2madMivmknua3pg6/LtQgcvWiy/RiHIbBF6ZtdRGyW','fRHY1Prrs9','2022-12-14 11:06:43','2022-12-14 11:06:43'),(80,'xdoyle@example.com',NULL,'Viva','Gutmann',NULL,NULL,'https://via.placeholder.com/640x480.png/001100?text=people+perferendis','student','2022-12-14 11:06:33','$2y$10$n2jnooPksPfUffJL1aMguuSXNyvniOGLjHbQtvz0AICTbzc9fAqiG','JsOK2BWF6g','2022-12-14 11:06:43','2022-12-14 11:06:43'),(81,'antoinette22@example.com',NULL,'Zachery','Turcotte',NULL,NULL,'https://via.placeholder.com/640x480.png/002200?text=people+et','student','2022-12-14 11:06:33','$2y$10$3X1f/8lSgwU1Mffek0bHJepSOV7/KaAFiCYJUz.W7r5TOscv.4ioG','YjsxNFf6Tp','2022-12-14 11:06:43','2022-12-14 11:06:43'),(82,'larue05@example.org',NULL,'Stan','Waters',NULL,NULL,'https://via.placeholder.com/640x480.png/0044cc?text=people+laboriosam','student','2022-12-14 11:06:33','$2y$10$CQHpBtK.yC/c97iLhmooR.UYgKUIQZiCYtmy0/nJ19ivtHuIoAV3u','P5rWl3SST4','2022-12-14 11:06:43','2022-12-14 11:06:43'),(83,'heaney.bartholome@example.org',NULL,'Ariane','Hammes',NULL,NULL,'https://via.placeholder.com/640x480.png/002255?text=people+mollitia','student','2022-12-14 11:06:34','$2y$10$0YpiGWBQ8A2leozI3bZqEuuUgf1HfDo.zwytlGPEty7E/h9WX0/zu','pbDKGC08CP','2022-12-14 11:06:43','2022-12-14 11:06:43'),(84,'mollie.cremin@example.net',NULL,'Makenzie','Pagac',NULL,NULL,'https://via.placeholder.com/640x480.png/008877?text=people+nihil','student','2022-12-14 11:06:34','$2y$10$HUyazoTYXbhk1cr.64HKXeesYLTfa2aV60kij2BHbhNQszS.Nmhrq','BV1ruLJR02','2022-12-14 11:06:43','2022-12-14 11:06:43'),(85,'janice.gislason@example.com',NULL,'Olaf','Schmidt',NULL,NULL,'https://via.placeholder.com/640x480.png/0022bb?text=people+cum','student','2022-12-14 11:06:34','$2y$10$G2JwJ8RY.XQSKYR0II4EAufAdsWmuRBL8Nn6JCNDvEVC6FAfutmxK','yzwzxv4dLq','2022-12-14 11:06:43','2022-12-14 11:06:43'),(86,'elliott86@example.com',NULL,'Sarina','Zboncak',NULL,NULL,'https://via.placeholder.com/640x480.png/00aa33?text=people+dicta','student','2022-12-14 11:06:34','$2y$10$WRHUGYw7gZrY2TbPk47ZoOJ7DJEBXbFOIZFTCZTPln5l85zC1v3xC','qNaax0fwch','2022-12-14 11:06:43','2022-12-14 11:06:43'),(87,'harber.darrick@example.org',NULL,'Lincoln','Jacobs',NULL,NULL,'https://via.placeholder.com/640x480.png/004444?text=people+possimus','student','2022-12-14 11:06:34','$2y$10$9djdGS.lLDAPqLeNgO4/w.i4vnC2wvlrKNa5KoFO5cvU5M6onq06m','6x3GqT7jf1','2022-12-14 11:06:43','2022-12-14 11:06:43'),(88,'heller.eden@example.net',NULL,'Kamille','Kreiger',NULL,NULL,'https://via.placeholder.com/640x480.png/006688?text=people+sint','student','2022-12-14 11:06:34','$2y$10$Lff7.acUIJviucFDXrV2dODjHXWwJ.HSK/O3JOaBfZX/kJDf8hJMC','SKv3S2JFIu','2022-12-14 11:06:44','2022-12-14 11:06:44'),(89,'helga16@example.net',NULL,'Alex','Russel',NULL,NULL,'https://via.placeholder.com/640x480.png/0000ee?text=people+in','student','2022-12-14 11:06:34','$2y$10$LbYpUNfyg2GGDrVBf2I8ieFoMV/XF0AvdtePUSuQLIoBRmK8My/Du','OB9f3egKDm','2022-12-14 11:06:44','2022-12-14 11:06:44'),(90,'loy.hahn@example.com',NULL,'Rebekah','Beahan',NULL,NULL,'https://via.placeholder.com/640x480.png/001111?text=people+labore','student','2022-12-14 11:06:35','$2y$10$ZQjBho/P3.C.gzokjtGMT.jaESI/DgDhIhAKfXsU0NMkB/Dx9NcJu','9HggpTCjMK','2022-12-14 11:06:44','2022-12-14 11:06:44'),(91,'prenner@example.net',NULL,'Ashly','Cruickshank',NULL,NULL,'https://via.placeholder.com/640x480.png/007777?text=people+ratione','student','2022-12-14 11:06:35','$2y$10$pIZNByhpgVpXMCGuTWgMx.xGfi9znwn3c6Aun1Dc57Jh2sw6GoaNS','BqHePxOnF7','2022-12-14 11:06:44','2022-12-14 11:06:44'),(92,'shaun68@example.org',NULL,'Malika','Farrell',NULL,NULL,'https://via.placeholder.com/640x480.png/007711?text=people+fugit','student','2022-12-14 11:06:35','$2y$10$I.6IiSqn3C6fXhsJqszfQOAPA7nnChc8xTyxpVdl/ZbKkAWWBpqjG','EY0b1gpSRw','2022-12-14 11:06:44','2022-12-14 11:06:44'),(93,'buck33@example.net',NULL,'Jaren','Fahey',NULL,NULL,'https://via.placeholder.com/640x480.png/0099ee?text=people+quasi','student','2022-12-14 11:06:35','$2y$10$5qT6ELyABhTFbgCjOJsK0OHdPXQ/H.HRgV.9w/TrPLncdDxuwdIA6','zRh1ejxYpf','2022-12-14 11:06:44','2022-12-14 11:06:44'),(94,'loraine.hand@example.org',NULL,'Donato','Hegmann',NULL,NULL,'https://via.placeholder.com/640x480.png/000022?text=people+nemo','student','2022-12-14 11:06:35','$2y$10$rU2/HZSV6ItAa5eDc8Dp5.QoM0La8R2KTHr5u4nrAMtTKelydhyBy','2dYhPwpBYx','2022-12-14 11:06:44','2022-12-14 11:06:44'),(95,'denesik.sammie@example.org',NULL,'Jedidiah','Lesch',NULL,NULL,'https://via.placeholder.com/640x480.png/002277?text=people+in','student','2022-12-14 11:06:35','$2y$10$3wluza1poLspC25d1PDdmOBo4Q1sstrA6433RSJunwAqbSZ5t6qjm','EHd5QJuUAa','2022-12-14 11:06:44','2022-12-14 11:06:44'),(96,'kellen.sporer@example.com',NULL,'Felton','Feest',NULL,NULL,'https://via.placeholder.com/640x480.png/002277?text=people+et','student','2022-12-14 11:06:36','$2y$10$jWqC2Q6yrRq.K.H0U0eFzeDY4HCyWb97XBRz.LpoVnt5W9dU5QK2u','vjzUr1NKnY','2022-12-14 11:06:44','2022-12-14 11:06:44'),(97,'amie.reichel@example.org',NULL,'Brooks','Hills',NULL,NULL,'https://via.placeholder.com/640x480.png/0077ee?text=people+deserunt','student','2022-12-14 11:06:36','$2y$10$TgtdvM5wAyluh5j9BldDie0Cj0BYmMdqgsD/K3pQgMjCn2FDX4hQu','dLcBaO0VFn','2022-12-14 11:06:44','2022-12-14 11:06:44'),(98,'vicente.mcglynn@example.net',NULL,'Jon','Bergstrom',NULL,NULL,'https://via.placeholder.com/640x480.png/00cc99?text=people+sed','student','2022-12-14 11:06:36','$2y$10$N6vu3AnEiBEHEJhXezsxaOKDbofq2KBJx0rGfNN0yZmEeVFw7KCva','OfnG7Beznx','2022-12-14 11:06:44','2022-12-14 11:06:44'),(99,'khane@example.net',NULL,'Matilda','Cole',NULL,NULL,'https://via.placeholder.com/640x480.png/00ff11?text=people+aut','student','2022-12-14 11:06:36','$2y$10$mtQw2tw7IJuvxCbNg1Ryv..i6vYp9ucyupvfsebFu0/jvlOax4fky','acwwyrF1mA','2022-12-14 11:06:44','2022-12-14 11:06:44'),(100,'betsy03@example.com',NULL,'Rosendo','Jakubowski',NULL,NULL,'https://via.placeholder.com/640x480.png/0077cc?text=people+dicta','student','2022-12-14 11:06:36','$2y$10$/W6ceBru6B9DItCd49.46enlv4FPiBFn9Ij7UuLwTFT9vbv2vP/1G','r0UZqtADYC','2022-12-14 11:06:45','2022-12-14 11:06:45');
/*!40000 ALTER TABLE `users` ENABLE KEYS */;
UNLOCK TABLES;

--
-- Table structure for table `users_memberships`
--

DROP TABLE IF EXISTS `users_memberships`;
/*!40101 SET @saved_cs_client     = @@character_set_client */;
/*!50503 SET character_set_client = utf8mb4 */;
CREATE TABLE `users_memberships` (
  `id` bigint unsigned NOT NULL AUTO_INCREMENT,
  `user_id` bigint unsigned NOT NULL,
  `group_id` bigint unsigned NOT NULL,
  `created_at` timestamp NULL DEFAULT NULL,
  `updated_at` timestamp NULL DEFAULT NULL,
  PRIMARY KEY (`id`),
  KEY `users_memberships_user_id_foreign` (`user_id`),
  KEY `users_memberships_group_id_foreign` (`group_id`),
  CONSTRAINT `users_memberships_group_id_foreign` FOREIGN KEY (`group_id`) REFERENCES `groups` (`id`) ON DELETE CASCADE ON UPDATE CASCADE,
  CONSTRAINT `users_memberships_user_id_foreign` FOREIGN KEY (`user_id`) REFERENCES `users` (`id`) ON DELETE CASCADE ON UPDATE CASCADE
) ENGINE=InnoDB AUTO_INCREMENT=541 DEFAULT CHARSET=utf8mb4 COLLATE=utf8mb4_unicode_ci;
/*!40101 SET character_set_client = @saved_cs_client */;

--
-- Dumping data for table `users_memberships`
--

LOCK TABLES `users_memberships` WRITE;
/*!40000 ALTER TABLE `users_memberships` DISABLE KEYS */;
INSERT INTO `users_memberships` VALUES (1,30,1,NULL,NULL),(2,12,3,NULL,NULL),(3,21,3,NULL,NULL),(4,27,3,NULL,NULL),(5,29,3,NULL,NULL),(6,5,4,NULL,NULL),(7,6,4,NULL,NULL),(8,16,4,NULL,NULL),(9,20,4,NULL,NULL),(10,21,4,NULL,NULL),(11,24,4,NULL,NULL),(12,27,4,NULL,NULL),(13,4,6,NULL,NULL),(14,5,6,NULL,NULL),(15,7,6,NULL,NULL),(16,9,6,NULL,NULL),(17,13,6,NULL,NULL),(18,16,6,NULL,NULL),(19,23,6,NULL,NULL),(20,24,6,NULL,NULL),(21,27,6,NULL,NULL),(22,3,7,NULL,NULL),(23,10,7,NULL,NULL),(24,19,7,NULL,NULL),(25,27,7,NULL,NULL),(26,28,7,NULL,NULL),(27,34,2,NULL,NULL),(28,39,2,NULL,NULL),(29,40,2,NULL,NULL),(30,42,2,NULL,NULL),(31,44,2,NULL,NULL),(32,52,2,NULL,NULL),(33,55,2,NULL,NULL),(34,58,2,NULL,NULL),(35,59,2,NULL,NULL),(36,60,2,NULL,NULL),(37,62,2,NULL,NULL),(38,67,2,NULL,NULL),(39,69,2,NULL,NULL),(40,79,2,NULL,NULL),(41,83,2,NULL,NULL),(42,85,2,NULL,NULL),(43,89,2,NULL,NULL),(44,93,2,NULL,NULL),(45,96,2,NULL,NULL),(46,100,2,NULL,NULL),(47,34,8,NULL,NULL),(48,35,8,NULL,NULL),(49,36,8,NULL,NULL),(50,37,8,NULL,NULL),(51,38,8,NULL,NULL),(52,39,8,NULL,NULL),(53,41,8,NULL,NULL),(54,42,8,NULL,NULL),(55,43,8,NULL,NULL),(56,46,8,NULL,NULL),(57,48,8,NULL,NULL),(58,51,8,NULL,NULL),(59,53,8,NULL,NULL),(60,54,8,NULL,NULL),(61,55,8,NULL,NULL),(62,56,8,NULL,NULL),(63,57,8,NULL,NULL),(64,58,8,NULL,NULL),(65,61,8,NULL,NULL),(66,62,8,NULL,NULL),(67,64,8,NULL,NULL),(68,65,8,NULL,NULL),(69,66,8,NULL,NULL),(70,67,8,NULL,NULL),(71,69,8,NULL,NULL),(72,70,8,NULL,NULL),(73,72,8,NULL,NULL),(74,73,8,NULL,NULL),(75,74,8,NULL,NULL),(76,75,8,NULL,NULL),(77,76,8,NULL,NULL),(78,77,8,NULL,NULL),(79,78,8,NULL,NULL),(80,79,8,NULL,NULL),(81,81,8,NULL,NULL),(82,82,8,NULL,NULL),(83,83,8,NULL,NULL),(84,86,8,NULL,NULL),(85,88,8,NULL,NULL),(86,89,8,NULL,NULL),(87,90,8,NULL,NULL),(88,92,8,NULL,NULL),(89,93,8,NULL,NULL),(90,96,8,NULL,NULL),(91,97,8,NULL,NULL),(92,99,8,NULL,NULL),(93,33,9,NULL,NULL),(94,34,9,NULL,NULL),(95,37,9,NULL,NULL),(96,40,9,NULL,NULL),(97,46,9,NULL,NULL),(98,47,9,NULL,NULL),(99,51,9,NULL,NULL),(100,53,9,NULL,NULL),(101,54,9,NULL,NULL),(102,55,9,NULL,NULL),(103,56,9,NULL,NULL),(104,60,9,NULL,NULL),(105,61,9,NULL,NULL),(106,62,9,NULL,NULL),(107,63,9,NULL,NULL),(108,65,9,NULL,NULL),(109,67,9,NULL,NULL),(110,70,9,NULL,NULL),(111,72,9,NULL,NULL),(112,74,9,NULL,NULL),(113,75,9,NULL,NULL),(114,76,9,NULL,NULL),(115,77,9,NULL,NULL),(116,78,9,NULL,NULL),(117,82,9,NULL,NULL),(118,83,9,NULL,NULL),(119,86,9,NULL,NULL),(120,88,9,NULL,NULL),(121,94,9,NULL,NULL),(122,95,9,NULL,NULL),(123,99,9,NULL,NULL),(124,100,9,NULL,NULL),(125,40,10,NULL,NULL),(126,44,10,NULL,NULL),(127,47,10,NULL,NULL),(128,53,10,NULL,NULL),(129,56,10,NULL,NULL),(130,60,10,NULL,NULL),(131,61,10,NULL,NULL),(132,62,10,NULL,NULL),(133,68,10,NULL,NULL),(134,70,10,NULL,NULL),(135,78,10,NULL,NULL),(136,84,10,NULL,NULL),(137,31,11,NULL,NULL),(138,32,11,NULL,NULL),(139,37,11,NULL,NULL),(140,38,11,NULL,NULL),(141,41,11,NULL,NULL),(142,43,11,NULL,NULL),(143,44,11,NULL,NULL),(144,50,11,NULL,NULL),(145,51,11,NULL,NULL),(146,64,11,NULL,NULL),(147,66,11,NULL,NULL),(148,68,11,NULL,NULL),(149,70,11,NULL,NULL),(150,72,11,NULL,NULL),(151,73,11,NULL,NULL),(152,75,11,NULL,NULL),(153,77,11,NULL,NULL),(154,80,11,NULL,NULL),(155,82,11,NULL,NULL),(156,83,11,NULL,NULL),(157,87,11,NULL,NULL),(158,94,11,NULL,NULL),(159,98,11,NULL,NULL),(160,32,12,NULL,NULL),(161,33,12,NULL,NULL),(162,35,12,NULL,NULL),(163,36,12,NULL,NULL),(164,41,12,NULL,NULL),(165,47,12,NULL,NULL),(166,48,12,NULL,NULL),(167,49,12,NULL,NULL),(168,50,12,NULL,NULL),(169,52,12,NULL,NULL),(170,53,12,NULL,NULL),(171,55,12,NULL,NULL),(172,56,12,NULL,NULL),(173,57,12,NULL,NULL),(174,58,12,NULL,NULL),(175,59,12,NULL,NULL),(176,69,12,NULL,NULL),(177,70,12,NULL,NULL),(178,74,12,NULL,NULL),(179,76,12,NULL,NULL),(180,81,12,NULL,NULL),(181,90,12,NULL,NULL),(182,97,12,NULL,NULL),(183,100,12,NULL,NULL),(184,2,13,NULL,NULL),(185,31,13,NULL,NULL),(186,32,13,NULL,NULL),(187,33,13,NULL,NULL),(188,34,13,NULL,NULL),(189,35,13,NULL,NULL),(190,36,13,NULL,NULL),(191,37,13,NULL,NULL),(192,38,13,NULL,NULL),(193,40,13,NULL,NULL),(194,41,13,NULL,NULL),(195,43,13,NULL,NULL),(196,44,13,NULL,NULL),(197,45,13,NULL,NULL),(198,46,13,NULL,NULL),(199,47,13,NULL,NULL),(200,48,13,NULL,NULL),(201,50,13,NULL,NULL),(202,53,13,NULL,NULL),(203,57,13,NULL,NULL),(204,62,13,NULL,NULL),(205,63,13,NULL,NULL),(206,67,13,NULL,NULL),(207,69,13,NULL,NULL),(208,70,13,NULL,NULL),(209,72,13,NULL,NULL),(210,73,13,NULL,NULL),(211,74,13,NULL,NULL),(212,75,13,NULL,NULL),(213,76,13,NULL,NULL),(214,77,13,NULL,NULL),(215,79,13,NULL,NULL),(216,80,13,NULL,NULL),(217,81,13,NULL,NULL),(218,82,13,NULL,NULL),(219,83,13,NULL,NULL),(220,84,13,NULL,NULL),(221,85,13,NULL,NULL),(222,86,13,NULL,NULL),(223,87,13,NULL,NULL),(224,88,13,NULL,NULL),(225,90,13,NULL,NULL),(226,91,13,NULL,NULL),(227,93,13,NULL,NULL),(228,95,13,NULL,NULL),(229,96,13,NULL,NULL),(230,97,13,NULL,NULL),(231,100,13,NULL,NULL),(232,33,14,NULL,NULL),(233,39,14,NULL,NULL),(234,40,14,NULL,NULL),(235,48,14,NULL,NULL),(236,61,14,NULL,NULL),(237,70,14,NULL,NULL),(238,78,14,NULL,NULL),(239,87,14,NULL,NULL),(240,89,14,NULL,NULL),(241,98,14,NULL,NULL),(242,100,14,NULL,NULL),(243,36,15,NULL,NULL),(244,37,15,NULL,NULL),(245,38,15,NULL,NULL),(246,42,15,NULL,NULL),(247,47,15,NULL,NULL),(248,52,15,NULL,NULL),(249,64,15,NULL,NULL),(250,68,15,NULL,NULL),(251,86,15,NULL,NULL),(252,87,15,NULL,NULL),(253,93,15,NULL,NULL),(254,96,15,NULL,NULL),(255,98,15,NULL,NULL),(256,2,16,NULL,NULL),(257,32,16,NULL,NULL),(258,43,16,NULL,NULL),(259,47,16,NULL,NULL),(260,49,16,NULL,NULL),(261,55,16,NULL,NULL),(262,56,16,NULL,NULL),(263,61,16,NULL,NULL),(264,64,16,NULL,NULL),(265,70,16,NULL,NULL),(266,73,16,NULL,NULL),(267,78,16,NULL,NULL),(268,80,16,NULL,NULL),(269,82,16,NULL,NULL),(270,83,16,NULL,NULL),(271,93,16,NULL,NULL),(272,96,16,NULL,NULL),(273,2,17,NULL,NULL),(274,31,17,NULL,NULL),(275,32,17,NULL,NULL),(276,33,17,NULL,NULL),(277,34,17,NULL,NULL),(278,35,17,NULL,NULL),(279,36,17,NULL,NULL),(280,37,17,NULL,NULL),(281,40,17,NULL,NULL),(282,41,17,NULL,NULL),(283,46,17,NULL,NULL),(284,48,17,NULL,NULL),(285,49,17,NULL,NULL),(286,50,17,NULL,NULL),(287,52,17,NULL,NULL),(288,54,17,NULL,NULL),(289,55,17,NULL,NULL),(290,57,17,NULL,NULL),(291,58,17,NULL,NULL),(292,60,17,NULL,NULL),(293,63,17,NULL,NULL),(294,64,17,NULL,NULL),(295,70,17,NULL,NULL),(296,71,17,NULL,NULL),(297,72,17,NULL,NULL),(298,73,17,NULL,NULL),(299,74,17,NULL,NULL),(300,75,17,NULL,NULL),(301,76,17,NULL,NULL),(302,79,17,NULL,NULL),(303,83,17,NULL,NULL),(304,85,17,NULL,NULL),(305,86,17,NULL,NULL),(306,88,17,NULL,NULL),(307,89,17,NULL,NULL),(308,92,17,NULL,NULL),(309,96,17,NULL,NULL),(310,97,17,NULL,NULL),(311,98,17,NULL,NULL),(312,99,17,NULL,NULL),(313,100,17,NULL,NULL),(314,2,18,NULL,NULL),(315,32,18,NULL,NULL),(316,33,18,NULL,NULL),(317,35,18,NULL,NULL),(318,37,18,NULL,NULL),(319,38,18,NULL,NULL),(320,39,18,NULL,NULL),(321,41,18,NULL,NULL),(322,43,18,NULL,NULL),(323,45,18,NULL,NULL),(324,46,18,NULL,NULL),(325,47,18,NULL,NULL),(326,48,18,NULL,NULL),(327,49,18,NULL,NULL),(328,52,18,NULL,NULL),(329,53,18,NULL,NULL),(330,54,18,NULL,NULL),(331,55,18,NULL,NULL),(332,59,18,NULL,NULL),(333,61,18,NULL,NULL),(334,62,18,NULL,NULL),(335,63,18,NULL,NULL),(336,64,18,NULL,NULL),(337,65,18,NULL,NULL),(338,68,18,NULL,NULL),(339,70,18,NULL,NULL),(340,72,18,NULL,NULL),(341,73,18,NULL,NULL),(342,74,18,NULL,NULL),(343,75,18,NULL,NULL),(344,76,18,NULL,NULL),(345,78,18,NULL,NULL),(346,80,18,NULL,NULL),(347,83,18,NULL,NULL),(348,85,18,NULL,NULL),(349,89,18,NULL,NULL),(350,90,18,NULL,NULL),(351,91,18,NULL,NULL),(352,94,18,NULL,NULL),(353,96,18,NULL,NULL),(354,98,18,NULL,NULL),(355,99,18,NULL,NULL),(356,100,18,NULL,NULL),(357,38,19,NULL,NULL),(358,44,19,NULL,NULL),(359,45,19,NULL,NULL),(360,50,19,NULL,NULL),(361,51,19,NULL,NULL),(362,52,19,NULL,NULL),(363,55,19,NULL,NULL),(364,60,19,NULL,NULL),(365,64,19,NULL,NULL),(366,65,19,NULL,NULL),(367,66,19,NULL,NULL),(368,69,19,NULL,NULL),(369,71,19,NULL,NULL),(370,73,19,NULL,NULL),(371,75,19,NULL,NULL),(372,79,19,NULL,NULL),(373,91,19,NULL,NULL),(374,92,19,NULL,NULL),(375,99,19,NULL,NULL),(376,2,20,NULL,NULL),(377,32,20,NULL,NULL),(378,34,20,NULL,NULL),(379,35,20,NULL,NULL),(380,36,20,NULL,NULL),(381,39,20,NULL,NULL),(382,41,20,NULL,NULL),(383,42,20,NULL,NULL),(384,43,20,NULL,NULL),(385,45,20,NULL,NULL),(386,46,20,NULL,NULL),(387,48,20,NULL,NULL),(388,54,20,NULL,NULL),(389,56,20,NULL,NULL),(390,58,20,NULL,NULL),(391,59,20,NULL,NULL),(392,61,20,NULL,NULL),(393,64,20,NULL,NULL),(394,65,20,NULL,NULL),(395,66,20,NULL,NULL),(396,67,20,NULL,NULL),(397,68,20,NULL,NULL),(398,69,20,NULL,NULL),(399,71,20,NULL,NULL),(400,72,20,NULL,NULL),(401,74,20,NULL,NULL),(402,75,20,NULL,NULL),(403,77,20,NULL,NULL),(404,78,20,NULL,NULL),(405,80,20,NULL,NULL),(406,83,20,NULL,NULL),(407,85,20,NULL,NULL),(408,86,20,NULL,NULL),(409,87,20,NULL,NULL),(410,89,20,NULL,NULL),(411,90,20,NULL,NULL),(412,92,20,NULL,NULL),(413,95,20,NULL,NULL),(414,97,20,NULL,NULL),(415,99,20,NULL,NULL),(416,100,20,NULL,NULL),(417,37,21,NULL,NULL),(418,61,21,NULL,NULL),(419,31,22,NULL,NULL),(420,37,22,NULL,NULL),(421,47,22,NULL,NULL),(422,48,22,NULL,NULL),(423,49,22,NULL,NULL),(424,54,22,NULL,NULL),(425,60,22,NULL,NULL),(426,64,22,NULL,NULL),(427,66,22,NULL,NULL),(428,77,22,NULL,NULL),(429,81,22,NULL,NULL),(430,85,22,NULL,NULL),(431,87,22,NULL,NULL),(432,89,22,NULL,NULL),(433,95,22,NULL,NULL),(434,98,22,NULL,NULL),(435,2,23,NULL,NULL),(436,31,23,NULL,NULL),(437,32,23,NULL,NULL),(438,34,23,NULL,NULL),(439,35,23,NULL,NULL),(440,36,23,NULL,NULL),(441,39,23,NULL,NULL),(442,41,23,NULL,NULL),(443,42,23,NULL,NULL),(444,43,23,NULL,NULL),(445,44,23,NULL,NULL),(446,45,23,NULL,NULL),(447,46,23,NULL,NULL),(448,47,23,NULL,NULL),(449,50,23,NULL,NULL),(450,52,23,NULL,NULL),(451,53,23,NULL,NULL),(452,54,23,NULL,NULL),(453,55,23,NULL,NULL),(454,58,23,NULL,NULL),(455,62,23,NULL,NULL),(456,63,23,NULL,NULL),(457,65,23,NULL,NULL),(458,67,23,NULL,NULL),(459,69,23,NULL,NULL),(460,70,23,NULL,NULL),(461,71,23,NULL,NULL),(462,73,23,NULL,NULL),(463,74,23,NULL,NULL),(464,75,23,NULL,NULL),(465,76,23,NULL,NULL),(466,79,23,NULL,NULL),(467,81,23,NULL,NULL),(468,83,23,NULL,NULL),(469,85,23,NULL,NULL),(470,86,23,NULL,NULL),(471,87,23,NULL,NULL),(472,89,23,NULL,NULL),(473,91,23,NULL,NULL),(474,93,23,NULL,NULL),(475,94,23,NULL,NULL),(476,96,23,NULL,NULL),(477,99,23,NULL,NULL),(478,32,24,NULL,NULL),(479,34,24,NULL,NULL),(480,35,24,NULL,NULL),(481,38,24,NULL,NULL),(482,43,24,NULL,NULL),(483,44,24,NULL,NULL),(484,46,24,NULL,NULL),(485,54,24,NULL,NULL),(486,60,24,NULL,NULL),(487,62,24,NULL,NULL),(488,70,24,NULL,NULL),(489,73,24,NULL,NULL),(490,89,24,NULL,NULL),(491,92,24,NULL,NULL),(492,97,24,NULL,NULL),(493,2,25,NULL,NULL),(494,31,25,NULL,NULL),(495,33,25,NULL,NULL),(496,36,25,NULL,NULL),(497,38,25,NULL,NULL),(498,39,25,NULL,NULL),(499,40,25,NULL,NULL),(500,44,25,NULL,NULL),(501,47,25,NULL,NULL),(502,52,25,NULL,NULL),(503,64,25,NULL,NULL),(504,67,25,NULL,NULL),(505,71,25,NULL,NULL),(506,74,25,NULL,NULL),(507,75,25,NULL,NULL),(508,76,25,NULL,NULL),(509,77,25,NULL,NULL),(510,78,25,NULL,NULL),(511,83,25,NULL,NULL),(512,84,25,NULL,NULL),(513,85,25,NULL,NULL),(514,99,25,NULL,NULL),(515,62,26,NULL,NULL),(516,66,26,NULL,NULL),(517,71,26,NULL,NULL),(518,79,26,NULL,NULL),(519,97,26,NULL,NULL),(520,99,26,NULL,NULL),(521,39,27,NULL,NULL),(522,45,27,NULL,NULL),(523,47,27,NULL,NULL),(524,48,27,NULL,NULL),(525,51,27,NULL,NULL),(526,54,27,NULL,NULL),(527,55,27,NULL,NULL),(528,56,27,NULL,NULL),(529,58,27,NULL,NULL),(530,65,27,NULL,NULL),(531,68,27,NULL,NULL),(532,70,27,NULL,NULL),(533,74,27,NULL,NULL),(534,78,27,NULL,NULL),(535,80,27,NULL,NULL),(536,82,27,NULL,NULL),(537,87,27,NULL,NULL),(538,91,27,NULL,NULL),(539,3,1,NULL,NULL),(540,2,2,NULL,NULL);
/*!40000 ALTER TABLE `users_memberships` ENABLE KEYS */;
UNLOCK TABLES;
/*!40103 SET TIME_ZONE=@OLD_TIME_ZONE */;

/*!40101 SET SQL_MODE=@OLD_SQL_MODE */;
/*!40014 SET FOREIGN_KEY_CHECKS=@OLD_FOREIGN_KEY_CHECKS */;
/*!40014 SET UNIQUE_CHECKS=@OLD_UNIQUE_CHECKS */;
/*!40101 SET CHARACTER_SET_CLIENT=@OLD_CHARACTER_SET_CLIENT */;
/*!40101 SET CHARACTER_SET_RESULTS=@OLD_CHARACTER_SET_RESULTS */;
/*!40101 SET COLLATION_CONNECTION=@OLD_COLLATION_CONNECTION */;
/*!40111 SET SQL_NOTES=@OLD_SQL_NOTES */;

-- Dump completed on 2022-12-14 13:08:12
