-- MySQL dump 10.13  Distrib 8.0.31, for Linux (x86_64)
--
-- Host: localhost    Database: ucebny_karticky
-- ------------------------------------------------------
-- Server version	8.0.31-0ubuntu0.22.04.1

/*!40101 SET @OLD_CHARACTER_SET_CLIENT=@@CHARACTER_SET_CLIENT */;
/*!40101 SET @OLD_CHARACTER_SET_RESULTS=@@CHARACTER_SET_RESULTS */;
/*!40101 SET @OLD_COLLATION_CONNECTION=@@COLLATION_CONNECTION */;
/*!50503 SET NAMES utf8mb4 */;
/*!40103 SET @OLD_TIME_ZONE=@@TIME_ZONE */;
/*!40103 SET TIME_ZONE='+00:00' */;
/*!40014 SET @OLD_UNIQUE_CHECKS=@@UNIQUE_CHECKS, UNIQUE_CHECKS=0 */;
/*!40014 SET @OLD_FOREIGN_KEY_CHECKS=@@FOREIGN_KEY_CHECKS, FOREIGN_KEY_CHECKS=0 */;
/*!40101 SET @OLD_SQL_MODE=@@SQL_MODE, SQL_MODE='NO_AUTO_VALUE_ON_ZERO' */;
/*!40111 SET @OLD_SQL_NOTES=@@SQL_NOTES, SQL_NOTES=0 */;

--
-- Table structure for table `assigned_exercises`
--

DROP TABLE IF EXISTS `assigned_exercises`;
/*!40101 SET @saved_cs_client     = @@character_set_client */;
/*!50503 SET character_set_client = utf8mb4 */;
CREATE TABLE `assigned_exercises` (
  `id` bigint unsigned NOT NULL AUTO_INCREMENT,
  `exercise_id` bigint unsigned NOT NULL,
  `group_id` bigint unsigned NOT NULL,
  `created_at` timestamp NULL DEFAULT NULL,
  `updated_at` timestamp NULL DEFAULT NULL,
  PRIMARY KEY (`id`),
  KEY `assigned_exercises_exercise_id_foreign` (`exercise_id`),
  KEY `assigned_exercises_group_id_foreign` (`group_id`),
  CONSTRAINT `assigned_exercises_exercise_id_foreign` FOREIGN KEY (`exercise_id`) REFERENCES `exercises` (`id`) ON DELETE CASCADE,
  CONSTRAINT `assigned_exercises_group_id_foreign` FOREIGN KEY (`group_id`) REFERENCES `groups` (`id`) ON DELETE CASCADE
) ENGINE=InnoDB AUTO_INCREMENT=55 DEFAULT CHARSET=utf8mb4 COLLATE=utf8mb4_unicode_ci;
/*!40101 SET character_set_client = @saved_cs_client */;

--
-- Dumping data for table `assigned_exercises`
--

LOCK TABLES `assigned_exercises` WRITE;
/*!40000 ALTER TABLE `assigned_exercises` DISABLE KEYS */;
INSERT INTO `assigned_exercises` VALUES (1,7,2,NULL,NULL),(2,1,8,NULL,NULL),(3,10,8,NULL,NULL),(4,16,8,NULL,NULL),(5,17,8,NULL,NULL),(6,13,9,NULL,NULL),(7,16,9,NULL,NULL),(8,19,9,NULL,NULL),(9,5,10,NULL,NULL),(10,7,10,NULL,NULL),(11,2,11,NULL,NULL),(12,11,11,NULL,NULL),(13,20,11,NULL,NULL),(14,9,12,NULL,NULL),(15,13,12,NULL,NULL),(16,14,12,NULL,NULL),(17,17,13,NULL,NULL),(18,3,14,NULL,NULL),(19,7,14,NULL,NULL),(20,15,14,NULL,NULL),(21,4,15,NULL,NULL),(22,6,15,NULL,NULL),(23,16,15,NULL,NULL),(24,5,16,NULL,NULL),(25,11,16,NULL,NULL),(26,2,17,NULL,NULL),(27,9,17,NULL,NULL),(28,13,17,NULL,NULL),(29,17,17,NULL,NULL),(30,11,18,NULL,NULL),(31,4,19,NULL,NULL),(32,9,19,NULL,NULL),(33,16,19,NULL,NULL),(34,12,20,NULL,NULL),(35,20,20,NULL,NULL),(36,7,21,NULL,NULL),(37,5,22,NULL,NULL),(38,17,22,NULL,NULL),(39,3,23,NULL,NULL),(40,18,23,NULL,NULL),(41,3,24,NULL,NULL),(42,8,24,NULL,NULL),(43,10,24,NULL,NULL),(44,14,24,NULL,NULL),(45,2,25,NULL,NULL),(46,3,25,NULL,NULL),(47,8,25,NULL,NULL),(48,18,25,NULL,NULL),(49,2,26,NULL,NULL),(50,5,26,NULL,NULL),(51,4,27,NULL,NULL),(52,9,27,NULL,NULL),(53,14,27,NULL,NULL),(54,1,2,NULL,NULL);
/*!40000 ALTER TABLE `assigned_exercises` ENABLE KEYS */;
UNLOCK TABLES;

--
-- Table structure for table `attempts`
--

DROP TABLE IF EXISTS `attempts`;
/*!40101 SET @saved_cs_client     = @@character_set_client */;
/*!50503 SET character_set_client = utf8mb4 */;
CREATE TABLE `attempts` (
  `id` bigint unsigned NOT NULL AUTO_INCREMENT,
  `exercise_id` bigint unsigned NOT NULL,
  `user_id` bigint unsigned NOT NULL,
  `spend_time` time NOT NULL,
  `correct_answers_number` int unsigned NOT NULL,
  `wrong_answers_number` int unsigned NOT NULL,
  `created_at` timestamp NULL DEFAULT NULL,
  `updated_at` timestamp NULL DEFAULT NULL,
  PRIMARY KEY (`id`),
  KEY `attempts_exercise_id_foreign` (`exercise_id`),
  KEY `attempts_user_id_foreign` (`user_id`),
  CONSTRAINT `attempts_exercise_id_foreign` FOREIGN KEY (`exercise_id`) REFERENCES `exercises` (`id`) ON DELETE CASCADE,
  CONSTRAINT `attempts_user_id_foreign` FOREIGN KEY (`user_id`) REFERENCES `users` (`id`) ON DELETE CASCADE
) ENGINE=InnoDB AUTO_INCREMENT=102 DEFAULT CHARSET=utf8mb4 COLLATE=utf8mb4_unicode_ci;
/*!40101 SET character_set_client = @saved_cs_client */;

--
-- Dumping data for table `attempts`
--

LOCK TABLES `attempts` WRITE;
/*!40000 ALTER TABLE `attempts` DISABLE KEYS */;
INSERT INTO `attempts` VALUES (1,1,2,'00:42:00',2,1,'2022-11-27 11:44:03','2022-11-27 11:44:03'),(2,1,53,'11:31:00',14,0,'2022-11-27 11:44:04','2022-11-27 11:44:04'),(3,20,32,'13:23:24',8,7,'2022-11-27 11:44:04','2022-11-27 11:44:04'),(4,18,93,'06:52:52',7,6,'2022-11-27 11:44:04','2022-11-27 11:44:04'),(5,16,2,'16:34:00',1,4,'2022-11-27 11:44:04','2022-11-27 11:44:04'),(6,4,93,'19:35:40',3,9,'2022-11-27 11:44:04','2022-11-27 11:44:04'),(7,2,99,'15:29:56',2,7,'2022-11-27 11:44:04','2022-11-27 11:44:04'),(8,16,96,'10:06:40',4,1,'2022-11-27 11:44:04','2022-11-27 11:44:04'),(9,5,71,'18:33:31',0,8,'2022-11-27 11:44:04','2022-11-27 11:44:04'),(10,14,68,'21:39:47',2,1,'2022-11-27 11:44:04','2022-11-27 11:44:04'),(11,7,47,'00:27:13',3,5,'2022-11-27 11:44:04','2022-11-27 11:44:04'),(12,4,37,'01:20:04',8,4,'2022-11-27 11:44:04','2022-11-27 11:44:04'),(13,18,86,'01:02:19',9,4,'2022-11-27 11:44:04','2022-11-27 11:44:04'),(14,16,54,'15:21:43',5,0,'2022-11-27 11:44:04','2022-11-27 11:44:04'),(15,6,51,'03:45:51',13,3,'2022-11-27 11:44:04','2022-11-27 11:44:04'),(16,5,71,'10:07:48',2,6,'2022-11-27 11:44:04','2022-11-27 11:44:04'),(17,20,40,'19:40:13',14,1,'2022-11-27 11:44:04','2022-11-27 11:44:04'),(18,17,82,'04:02:59',7,1,'2022-11-27 11:44:04','2022-11-27 11:44:04'),(19,4,91,'00:02:26',9,3,'2022-11-27 11:44:04','2022-11-27 11:44:04'),(20,9,96,'14:28:12',7,8,'2022-11-27 11:44:04','2022-11-27 11:44:04'),(21,6,87,'02:00:49',2,14,'2022-11-27 11:44:04','2022-11-27 11:44:04'),(22,2,41,'15:26:03',3,6,'2022-11-27 11:44:04','2022-11-27 11:44:04'),(23,12,32,'13:25:19',4,8,'2022-11-27 11:44:04','2022-11-27 11:44:04'),(24,15,94,'21:33:36',5,1,'2022-11-27 11:44:04','2022-11-27 11:44:04'),(25,15,41,'04:51:43',3,3,'2022-11-27 11:44:04','2022-11-27 11:44:04'),(26,1,37,'03:53:00',6,8,'2022-11-27 11:44:04','2022-11-27 11:44:04'),(27,15,93,'16:11:01',6,0,'2022-11-27 11:44:04','2022-11-27 11:44:04'),(28,4,65,'06:33:03',12,0,'2022-11-27 11:44:04','2022-11-27 11:44:04'),(29,17,94,'18:14:06',5,3,'2022-11-27 11:44:04','2022-11-27 11:44:04'),(30,6,94,'05:56:03',5,11,'2022-11-27 11:44:04','2022-11-27 11:44:04'),(31,19,41,'14:33:51',1,9,'2022-11-27 11:44:04','2022-11-27 11:44:04'),(32,19,71,'21:27:56',1,9,'2022-11-27 11:44:04','2022-11-27 11:44:04'),(33,14,78,'14:26:32',2,1,'2022-11-27 11:44:04','2022-11-27 11:44:04'),(34,8,48,'13:32:48',8,1,'2022-11-27 11:44:04','2022-11-27 11:44:04'),(35,7,81,'18:09:53',6,2,'2022-11-27 11:44:04','2022-11-27 11:44:04'),(36,20,37,'08:00:12',6,9,'2022-11-27 11:44:04','2022-11-27 11:44:04'),(37,15,95,'03:18:44',1,5,'2022-11-27 11:44:04','2022-11-27 11:44:04'),(38,15,61,'03:35:36',3,3,'2022-11-27 11:44:04','2022-11-27 11:44:04'),(39,6,53,'12:56:58',12,4,'2022-11-27 11:44:04','2022-11-27 11:44:04'),(40,15,35,'16:00:52',2,4,'2022-11-27 11:44:04','2022-11-27 11:44:04'),(41,12,62,'01:25:47',11,1,'2022-11-27 11:44:04','2022-11-27 11:44:04'),(42,12,66,'23:12:35',3,9,'2022-11-27 11:44:04','2022-11-27 11:44:04'),(43,10,70,'05:17:28',2,7,'2022-11-27 11:44:04','2022-11-27 11:44:04'),(44,8,88,'11:40:51',0,9,'2022-11-27 11:44:04','2022-11-27 11:44:04'),(45,15,63,'15:20:38',5,1,'2022-11-27 11:44:04','2022-11-27 11:44:04'),(46,5,95,'14:37:33',2,6,'2022-11-27 11:44:04','2022-11-27 11:44:04'),(47,14,93,'00:07:42',1,2,'2022-11-27 11:44:04','2022-11-27 11:44:04'),(48,3,58,'08:54:48',4,5,'2022-11-27 11:44:04','2022-11-27 11:44:04'),(49,5,77,'00:54:48',3,5,'2022-11-27 11:44:04','2022-11-27 11:44:04'),(50,11,74,'12:15:48',8,4,'2022-11-27 11:44:04','2022-11-27 11:44:04'),(51,10,40,'12:51:19',0,9,'2022-11-27 11:44:04','2022-11-27 11:44:04'),(52,18,46,'11:46:57',13,0,'2022-11-27 11:44:04','2022-11-27 11:44:04'),(53,12,71,'23:23:33',12,0,'2022-11-27 11:44:04','2022-11-27 11:44:04'),(54,2,47,'23:51:01',8,1,'2022-11-27 11:44:04','2022-11-27 11:44:04'),(55,12,56,'02:59:52',11,1,'2022-11-27 11:44:04','2022-11-27 11:44:04'),(56,3,59,'05:35:26',7,2,'2022-11-27 11:44:04','2022-11-27 11:44:04'),(57,13,63,'08:51:36',7,3,'2022-11-27 11:44:04','2022-11-27 11:44:04'),(58,15,84,'21:30:22',2,4,'2022-11-27 11:44:04','2022-11-27 11:44:04'),(59,15,99,'10:51:54',1,5,'2022-11-27 11:44:04','2022-11-27 11:44:04'),(60,13,98,'22:25:00',7,3,'2022-11-27 11:44:04','2022-11-27 11:44:04'),(61,17,77,'22:10:24',5,3,'2022-11-27 11:44:04','2022-11-27 11:44:04'),(62,5,57,'05:52:24',1,7,'2022-11-27 11:44:04','2022-11-27 11:44:04'),(63,19,37,'15:47:35',5,5,'2022-11-27 11:44:04','2022-11-27 11:44:04'),(64,8,97,'04:47:04',0,9,'2022-11-27 11:44:04','2022-11-27 11:44:04'),(65,17,97,'12:50:39',3,5,'2022-11-27 11:44:04','2022-11-27 11:44:04'),(66,9,48,'23:06:02',6,9,'2022-11-27 11:44:04','2022-11-27 11:44:04'),(67,15,42,'00:19:27',2,4,'2022-11-27 11:44:04','2022-11-27 11:44:04'),(68,8,65,'05:04:22',5,4,'2022-11-27 11:44:04','2022-11-27 11:44:04'),(69,15,56,'07:34:41',2,4,'2022-11-27 11:44:04','2022-11-27 11:44:04'),(70,8,63,'21:23:28',8,1,'2022-11-27 11:44:04','2022-11-27 11:44:04'),(71,8,65,'09:10:42',8,1,'2022-11-27 11:44:04','2022-11-27 11:44:04'),(72,5,44,'02:19:20',0,8,'2022-11-27 11:44:04','2022-11-27 11:44:04'),(73,10,77,'20:12:40',8,1,'2022-11-27 11:44:04','2022-11-27 11:44:04'),(74,13,40,'07:30:03',10,0,'2022-11-27 11:44:04','2022-11-27 11:44:04'),(75,11,59,'06:01:25',12,0,'2022-11-27 11:44:04','2022-11-27 11:44:04'),(76,13,95,'13:09:28',3,7,'2022-11-27 11:44:04','2022-11-27 11:44:04'),(77,11,49,'11:10:39',11,1,'2022-11-27 11:44:04','2022-11-27 11:44:04'),(78,19,43,'07:00:06',3,7,'2022-11-27 11:44:04','2022-11-27 11:44:04'),(79,5,63,'23:16:08',2,6,'2022-11-27 11:44:04','2022-11-27 11:44:04'),(80,9,74,'14:29:16',2,13,'2022-11-27 11:44:04','2022-11-27 11:44:04'),(81,16,90,'22:09:47',1,4,'2022-11-27 11:44:04','2022-11-27 11:44:04'),(82,2,65,'20:45:52',8,1,'2022-11-27 11:44:04','2022-11-27 11:44:04'),(83,8,51,'15:15:07',6,3,'2022-11-27 11:44:04','2022-11-27 11:44:04'),(84,4,59,'11:06:51',12,0,'2022-11-27 11:44:04','2022-11-27 11:44:04'),(85,16,35,'16:23:54',4,1,'2022-11-27 11:44:04','2022-11-27 11:44:04'),(86,12,87,'11:14:38',1,11,'2022-11-27 11:44:04','2022-11-27 11:44:04'),(87,8,88,'03:42:34',8,1,'2022-11-27 11:44:04','2022-11-27 11:44:04'),(88,4,43,'20:15:01',7,5,'2022-11-27 11:44:04','2022-11-27 11:44:04'),(89,10,86,'01:18:08',6,3,'2022-11-27 11:44:04','2022-11-27 11:44:04'),(90,13,55,'01:24:35',3,7,'2022-11-27 11:44:04','2022-11-27 11:44:04'),(91,18,47,'22:07:33',8,5,'2022-11-27 11:44:04','2022-11-27 11:44:04'),(92,17,100,'16:36:35',4,4,'2022-11-27 11:44:04','2022-11-27 11:44:04'),(93,5,56,'07:53:04',3,5,'2022-11-27 11:44:04','2022-11-27 11:44:04'),(94,8,70,'23:03:47',8,1,'2022-11-27 11:44:04','2022-11-27 11:44:04'),(95,15,97,'02:07:45',2,4,'2022-11-27 11:44:04','2022-11-27 11:44:04'),(96,19,34,'13:08:15',3,7,'2022-11-27 11:44:04','2022-11-27 11:44:04'),(97,10,49,'01:17:15',8,1,'2022-11-27 11:44:04','2022-11-27 11:44:04'),(98,16,70,'19:45:55',3,2,'2022-11-27 11:44:04','2022-11-27 11:44:04'),(99,6,79,'00:47:44',2,14,'2022-11-27 11:44:04','2022-11-27 11:44:04'),(100,20,100,'15:55:13',10,5,'2022-11-27 11:44:04','2022-11-27 11:44:04'),(101,16,69,'17:11:48',5,0,'2022-11-27 11:44:04','2022-11-27 11:44:04');
/*!40000 ALTER TABLE `attempts` ENABLE KEYS */;
UNLOCK TABLES;

--
-- Table structure for table `exercises`
--

DROP TABLE IF EXISTS `exercises`;
/*!40101 SET @saved_cs_client     = @@character_set_client */;
/*!50503 SET character_set_client = utf8mb4 */;
CREATE TABLE `exercises` (
  `id` bigint unsigned NOT NULL AUTO_INCREMENT,
  `author` bigint unsigned NOT NULL,
  `name` varchar(255) COLLATE utf8mb4_unicode_ci NOT NULL,
  `description` varchar(255) COLLATE utf8mb4_unicode_ci DEFAULT NULL,
  `topic` varchar(255) COLLATE utf8mb4_unicode_ci DEFAULT NULL,
  `visibility` enum('private','public') COLLATE utf8mb4_unicode_ci NOT NULL,
  `created_at` timestamp NULL DEFAULT NULL,
  `updated_at` timestamp NULL DEFAULT NULL,
  PRIMARY KEY (`id`),
  KEY `exercises_author_foreign` (`author`),
  CONSTRAINT `exercises_author_foreign` FOREIGN KEY (`author`) REFERENCES `users` (`id`) ON DELETE CASCADE
) ENGINE=InnoDB AUTO_INCREMENT=21 DEFAULT CHARSET=utf8mb4 COLLATE=utf8mb4_unicode_ci;
/*!40101 SET character_set_client = @saved_cs_client */;

--
-- Dumping data for table `exercises`
--

LOCK TABLES `exercises` WRITE;
/*!40000 ALTER TABLE `exercises` DISABLE KEYS */;
INSERT INTO `exercises` VALUES (1,3,'Elektrotechnické měření','Kartičky pro procvičení základních pojmů z předmětu ELM','Elektrotechnika','private','2022-11-27 11:44:03','2022-11-27 11:44:03'),(2,5,'minima dolorem','Accusamus vero nobis adipisci doloremque ratione.','maxime','public','2022-11-27 11:44:03','2022-11-27 11:44:03'),(3,7,'numquam autem','Aut facilis exercitationem.','cupiditate','private','2022-11-27 11:44:03','2022-11-27 11:44:03'),(4,15,'sit labore','Eum ut qui voluptatem harum.','rerum','public','2022-11-27 11:44:03','2022-11-27 11:44:03'),(5,19,'voluptates et','Est cum doloremque explicabo.','et','private','2022-11-27 11:44:03','2022-11-27 11:44:03'),(6,20,'maxime est','Minima vel et ut.','corporis','public','2022-11-27 11:44:03','2022-11-27 11:44:03'),(7,19,'amet accusantium','Rem accusantium ut et.','numquam','public','2022-11-27 11:44:03','2022-11-27 11:44:03'),(8,20,'facere fuga','Aut repellendus incidunt dolores repellendus et.','voluptatem','private','2022-11-27 11:44:03','2022-11-27 11:44:03'),(9,18,'quisquam et','Qui natus molestiae suscipit.','deserunt','public','2022-11-27 11:44:03','2022-11-27 11:44:03'),(10,10,'tenetur est','Provident et et et.','qui','private','2022-11-27 11:44:03','2022-11-27 11:44:03'),(11,10,'delectus velit','Error natus temporibus voluptatem sint.','inventore','public','2022-11-27 11:44:03','2022-11-27 11:44:03'),(12,13,'ut dolore','Quasi qui eos.','deleniti','public','2022-11-27 11:44:03','2022-11-27 11:44:03'),(13,12,'laudantium quia','Sit delectus voluptatem nobis.','est','private','2022-11-27 11:44:03','2022-11-27 11:44:03'),(14,12,'qui consequatur','Aut dolorem quibusdam.','ut','public','2022-11-27 11:44:03','2022-11-27 11:44:03'),(15,16,'nemo magnam','Aut ipsa recusandae.','voluptas','private','2022-11-27 11:44:03','2022-11-27 11:44:03'),(16,18,'facilis officiis','Aliquid magni ullam illum aut.','labore','public','2022-11-27 11:44:03','2022-11-27 11:44:03'),(17,4,'dolorum et','Nihil autem consequatur aliquid velit veniam.','quis','public','2022-11-27 11:44:03','2022-11-27 11:44:03'),(18,24,'ea consequatur','Similique enim hic.','sed','private','2022-11-27 11:44:03','2022-11-27 11:44:03'),(19,5,'repudiandae qui','Rerum amet impedit consequuntur ipsum.','nemo','private','2022-11-27 11:44:03','2022-11-27 11:44:03'),(20,29,'quisquam consequatur','Dolore consequatur voluptas ut tempora.','facere','private','2022-11-27 11:44:03','2022-11-27 11:44:03');
/*!40000 ALTER TABLE `exercises` ENABLE KEYS */;
UNLOCK TABLES;

--
-- Table structure for table `failed_jobs`
--

DROP TABLE IF EXISTS `failed_jobs`;
/*!40101 SET @saved_cs_client     = @@character_set_client */;
/*!50503 SET character_set_client = utf8mb4 */;
CREATE TABLE `failed_jobs` (
  `id` bigint unsigned NOT NULL AUTO_INCREMENT,
  `uuid` varchar(255) COLLATE utf8mb4_unicode_ci NOT NULL,
  `connection` text COLLATE utf8mb4_unicode_ci NOT NULL,
  `queue` text COLLATE utf8mb4_unicode_ci NOT NULL,
  `payload` longtext COLLATE utf8mb4_unicode_ci NOT NULL,
  `exception` longtext COLLATE utf8mb4_unicode_ci NOT NULL,
  `failed_at` timestamp NOT NULL DEFAULT CURRENT_TIMESTAMP,
  PRIMARY KEY (`id`),
  UNIQUE KEY `failed_jobs_uuid_unique` (`uuid`)
) ENGINE=InnoDB DEFAULT CHARSET=utf8mb4 COLLATE=utf8mb4_unicode_ci;
/*!40101 SET character_set_client = @saved_cs_client */;

--
-- Dumping data for table `failed_jobs`
--

LOCK TABLES `failed_jobs` WRITE;
/*!40000 ALTER TABLE `failed_jobs` DISABLE KEYS */;
/*!40000 ALTER TABLE `failed_jobs` ENABLE KEYS */;
UNLOCK TABLES;

--
-- Table structure for table `flashcards`
--

DROP TABLE IF EXISTS `flashcards`;
/*!40101 SET @saved_cs_client     = @@character_set_client */;
/*!50503 SET character_set_client = utf8mb4 */;
CREATE TABLE `flashcards` (
  `id` bigint unsigned NOT NULL AUTO_INCREMENT,
  `exercise_id` bigint unsigned NOT NULL,
  `question` varchar(255) COLLATE utf8mb4_unicode_ci NOT NULL,
  `answer` varchar(255) COLLATE utf8mb4_unicode_ci NOT NULL,
  `created_at` timestamp NULL DEFAULT NULL,
  `updated_at` timestamp NULL DEFAULT NULL,
  PRIMARY KEY (`id`),
  KEY `flashcards_exercise_id_foreign` (`exercise_id`),
  CONSTRAINT `flashcards_exercise_id_foreign` FOREIGN KEY (`exercise_id`) REFERENCES `exercises` (`id`) ON DELETE CASCADE
) ENGINE=InnoDB AUTO_INCREMENT=204 DEFAULT CHARSET=utf8mb4 COLLATE=utf8mb4_unicode_ci;
/*!40101 SET character_set_client = @saved_cs_client */;

--
-- Dumping data for table `flashcards`
--

LOCK TABLES `flashcards` WRITE;
/*!40000 ALTER TABLE `flashcards` DISABLE KEYS */;
INSERT INTO `flashcards` VALUES (1,1,'Co je to osciloskop','Osciloskop je elektronický měřicí přístroj s obrazovkou vykreslující časový průběh měřeného napěťového signálu.','2022-11-27 11:44:03','2022-11-27 11:44:03'),(2,1,'Co je to multimetr','Multimetr (nebo také multitester) je elektronický měřicí přístroj, který v sobě kombinuje několik funkcí','2022-11-27 11:44:03','2022-11-27 11:44:03'),(3,1,'Co je to rezistor','Rezistor je pasivní elektrotechnická součástka projevující se v elektrickém obvodu v ideálním případě jedinou vlastností – elektrickým odporem (jednotka Ohm, značka Ω).','2022-11-27 11:44:03','2022-11-27 11:44:03'),(4,3,'Inventore aperiam quia.','a dolores ab','2022-11-27 11:44:03','2022-11-27 11:44:03'),(5,18,'Reiciendis provident.','unde voluptate ex','2022-11-27 11:44:03','2022-11-27 11:44:03'),(6,10,'Ab placeat.','nihil iusto aut','2022-11-27 11:44:03','2022-11-27 11:44:03'),(7,6,'Laborum laborum.','nulla a molestias','2022-11-27 11:44:03','2022-11-27 11:44:03'),(8,3,'Pariatur porro omnis.','magnam quidem distinctio','2022-11-27 11:44:03','2022-11-27 11:44:03'),(9,19,'Et alias.','eum ea ut','2022-11-27 11:44:03','2022-11-27 11:44:03'),(10,13,'Consequatur consequatur possimus.','minus totam libero','2022-11-27 11:44:03','2022-11-27 11:44:03'),(11,6,'Aliquid quasi.','aut et molestiae','2022-11-27 11:44:03','2022-11-27 11:44:03'),(12,5,'Nam et ut.','incidunt et adipisci','2022-11-27 11:44:03','2022-11-27 11:44:03'),(13,8,'Delectus eligendi enim.','reprehenderit reiciendis ipsa','2022-11-27 11:44:03','2022-11-27 11:44:03'),(14,4,'Facilis tenetur cupiditate.','ducimus sit sed','2022-11-27 11:44:03','2022-11-27 11:44:03'),(15,18,'Aliquid voluptatem.','omnis et ut','2022-11-27 11:44:03','2022-11-27 11:44:03'),(16,6,'Enim magnam.','et consequatur quidem','2022-11-27 11:44:03','2022-11-27 11:44:03'),(17,14,'Occaecati eum.','fugiat est corporis','2022-11-27 11:44:03','2022-11-27 11:44:03'),(18,13,'Eligendi nesciunt.','eius et rerum','2022-11-27 11:44:03','2022-11-27 11:44:03'),(19,7,'Ab amet dolor.','quis itaque culpa','2022-11-27 11:44:03','2022-11-27 11:44:03'),(20,7,'Voluptates et.','eligendi beatae perspiciatis','2022-11-27 11:44:03','2022-11-27 11:44:03'),(21,18,'Sit labore error.','hic eum officia','2022-11-27 11:44:03','2022-11-27 11:44:03'),(22,6,'Aut in omnis.','ratione distinctio iusto','2022-11-27 11:44:03','2022-11-27 11:44:03'),(23,9,'Illo quam voluptas.','reprehenderit quod dolore','2022-11-27 11:44:03','2022-11-27 11:44:03'),(24,20,'Iusto eos.','ea minus est','2022-11-27 11:44:03','2022-11-27 11:44:03'),(25,9,'Dolorem molestias.','nam labore enim','2022-11-27 11:44:03','2022-11-27 11:44:03'),(26,1,'Neque sint.','minus nisi est','2022-11-27 11:44:03','2022-11-27 11:44:03'),(27,1,'Aperiam omnis omnis.','nostrum eos soluta','2022-11-27 11:44:03','2022-11-27 11:44:03'),(28,8,'Modi sunt.','ratione mollitia cumque','2022-11-27 11:44:03','2022-11-27 11:44:03'),(29,18,'A tenetur nulla.','ut et veniam','2022-11-27 11:44:03','2022-11-27 11:44:03'),(30,16,'Hic libero.','quo praesentium ab','2022-11-27 11:44:03','2022-11-27 11:44:03'),(31,14,'Ut soluta quisquam.','magni omnis est','2022-11-27 11:44:03','2022-11-27 11:44:03'),(32,6,'Tempore corrupti veniam.','quis illo odit','2022-11-27 11:44:03','2022-11-27 11:44:03'),(33,6,'Consequatur libero pariatur.','enim dolorum autem','2022-11-27 11:44:03','2022-11-27 11:44:03'),(34,17,'Corporis unde.','vel recusandae omnis','2022-11-27 11:44:03','2022-11-27 11:44:03'),(35,7,'In qui.','ullam quam et','2022-11-27 11:44:03','2022-11-27 11:44:03'),(36,19,'Sed autem.','rem sit sequi','2022-11-27 11:44:03','2022-11-27 11:44:03'),(37,12,'Eligendi voluptatem itaque.','ut laboriosam cum','2022-11-27 11:44:03','2022-11-27 11:44:03'),(38,7,'Ut quaerat.','explicabo dolor facere','2022-11-27 11:44:03','2022-11-27 11:44:03'),(39,11,'Repellendus iusto voluptatem.','rerum fugiat ullam','2022-11-27 11:44:03','2022-11-27 11:44:03'),(40,4,'Non eum.','eos a esse','2022-11-27 11:44:03','2022-11-27 11:44:03'),(41,12,'In natus et.','ut laboriosam non','2022-11-27 11:44:03','2022-11-27 11:44:03'),(42,19,'Explicabo officia voluptates.','et et earum','2022-11-27 11:44:03','2022-11-27 11:44:03'),(43,20,'Qui harum.','qui qui autem','2022-11-27 11:44:03','2022-11-27 11:44:03'),(44,18,'Tempora possimus.','quam maxime est','2022-11-27 11:44:03','2022-11-27 11:44:03'),(45,19,'Aspernatur atque dolorem.','dicta eligendi optio','2022-11-27 11:44:03','2022-11-27 11:44:03'),(46,1,'Enim consequuntur veniam.','natus iure ullam','2022-11-27 11:44:03','2022-11-27 11:44:03'),(47,20,'Animi dolor repudiandae.','laudantium nihil hic','2022-11-27 11:44:03','2022-11-27 11:44:03'),(48,6,'Facilis aut ut.','molestiae autem quis','2022-11-27 11:44:03','2022-11-27 11:44:03'),(49,5,'Magni molestiae autem.','non consectetur numquam','2022-11-27 11:44:03','2022-11-27 11:44:03'),(50,13,'Velit dolor enim.','sunt quos ratione','2022-11-27 11:44:03','2022-11-27 11:44:03'),(51,18,'Necessitatibus laudantium.','praesentium corrupti voluptates','2022-11-27 11:44:03','2022-11-27 11:44:03'),(52,13,'Rem consequatur voluptatem.','quas sed dignissimos','2022-11-27 11:44:03','2022-11-27 11:44:03'),(53,2,'Labore quod et.','eos eveniet laboriosam','2022-11-27 11:44:03','2022-11-27 11:44:03'),(54,19,'Eligendi consectetur.','velit omnis eligendi','2022-11-27 11:44:03','2022-11-27 11:44:03'),(55,4,'Vitae neque.','et aut qui','2022-11-27 11:44:03','2022-11-27 11:44:03'),(56,13,'Ut occaecati dolor.','aut odio dolore','2022-11-27 11:44:03','2022-11-27 11:44:03'),(57,3,'In tenetur occaecati.','rerum velit expedita','2022-11-27 11:44:03','2022-11-27 11:44:03'),(58,11,'Velit culpa veritatis.','inventore vero praesentium','2022-11-27 11:44:03','2022-11-27 11:44:03'),(59,2,'Harum rem.','tempora et quas','2022-11-27 11:44:03','2022-11-27 11:44:03'),(60,3,'Sed ut autem.','dolorum voluptate pariatur','2022-11-27 11:44:03','2022-11-27 11:44:03'),(61,11,'Sit quis odit.','facilis nobis minima','2022-11-27 11:44:03','2022-11-27 11:44:03'),(62,18,'Quia dicta iusto.','dolorem sit consequatur','2022-11-27 11:44:03','2022-11-27 11:44:03'),(63,15,'Ad nesciunt enim.','ex sed odio','2022-11-27 11:44:03','2022-11-27 11:44:03'),(64,7,'Numquam qui.','delectus consequatur accusamus','2022-11-27 11:44:03','2022-11-27 11:44:03'),(65,20,'Quia voluptatem laboriosam.','doloremque eos inventore','2022-11-27 11:44:03','2022-11-27 11:44:03'),(66,17,'Ex quasi.','velit officiis quae','2022-11-27 11:44:03','2022-11-27 11:44:03'),(67,9,'Dicta tenetur.','explicabo ut nemo','2022-11-27 11:44:03','2022-11-27 11:44:03'),(68,6,'Sint corrupti et.','voluptas aliquid quasi','2022-11-27 11:44:03','2022-11-27 11:44:03'),(69,4,'Nobis velit.','excepturi officia blanditiis','2022-11-27 11:44:03','2022-11-27 11:44:03'),(70,4,'Dicta optio.','magnam illo sequi','2022-11-27 11:44:03','2022-11-27 11:44:03'),(71,13,'Ipsa aut reiciendis.','perspiciatis maxime pariatur','2022-11-27 11:44:03','2022-11-27 11:44:03'),(72,5,'Illum numquam.','quos nulla tempora','2022-11-27 11:44:03','2022-11-27 11:44:03'),(73,16,'Aut autem.','consequuntur commodi cumque','2022-11-27 11:44:03','2022-11-27 11:44:03'),(74,1,'Quam magni sit.','voluptas corrupti qui','2022-11-27 11:44:03','2022-11-27 11:44:03'),(75,1,'Optio corrupti.','facilis aliquid quidem','2022-11-27 11:44:03','2022-11-27 11:44:03'),(76,12,'Sed consequuntur.','possimus mollitia quam','2022-11-27 11:44:03','2022-11-27 11:44:03'),(77,13,'Cum sunt.','sunt quos est','2022-11-27 11:44:03','2022-11-27 11:44:03'),(78,11,'At odit.','omnis sit non','2022-11-27 11:44:03','2022-11-27 11:44:03'),(79,18,'Et sed nulla.','perferendis animi ut','2022-11-27 11:44:03','2022-11-27 11:44:03'),(80,20,'Mollitia autem.','consequatur soluta amet','2022-11-27 11:44:03','2022-11-27 11:44:03'),(81,16,'Nobis quo in.','quidem eos sed','2022-11-27 11:44:03','2022-11-27 11:44:03'),(82,17,'Magnam earum odit.','occaecati aspernatur cumque','2022-11-27 11:44:03','2022-11-27 11:44:03'),(83,6,'In rerum.','est voluptatum et','2022-11-27 11:44:03','2022-11-27 11:44:03'),(84,20,'Ut quos ut.','magnam explicabo quia','2022-11-27 11:44:03','2022-11-27 11:44:03'),(85,4,'Quaerat laboriosam eaque.','enim aliquam eum','2022-11-27 11:44:03','2022-11-27 11:44:03'),(86,20,'Saepe non et.','unde iste dolorem','2022-11-27 11:44:03','2022-11-27 11:44:03'),(87,1,'Rem tempore a.','ducimus praesentium qui','2022-11-27 11:44:03','2022-11-27 11:44:03'),(88,10,'Fugiat sint illo.','laborum dolores quaerat','2022-11-27 11:44:03','2022-11-27 11:44:03'),(89,6,'Voluptatem eos enim.','vitae sed facere','2022-11-27 11:44:03','2022-11-27 11:44:03'),(90,12,'Quos quia dolor.','suscipit autem ea','2022-11-27 11:44:03','2022-11-27 11:44:03'),(91,7,'Quidem ab.','quo ea aut','2022-11-27 11:44:03','2022-11-27 11:44:03'),(92,9,'Veniam provident reiciendis.','in quia et','2022-11-27 11:44:03','2022-11-27 11:44:03'),(93,2,'Voluptas et.','recusandae cum reiciendis','2022-11-27 11:44:03','2022-11-27 11:44:03'),(94,8,'Cum pariatur.','cumque ut nam','2022-11-27 11:44:03','2022-11-27 11:44:03'),(95,19,'At expedita necessitatibus.','fugiat voluptatem ullam','2022-11-27 11:44:03','2022-11-27 11:44:03'),(96,1,'Recusandae velit.','laboriosam optio hic','2022-11-27 11:44:03','2022-11-27 11:44:03'),(97,10,'Est qui.','quibusdam cumque magni','2022-11-27 11:44:03','2022-11-27 11:44:03'),(98,15,'Assumenda voluptatem.','consequatur molestiae velit','2022-11-27 11:44:03','2022-11-27 11:44:03'),(99,2,'Iusto et sit.','autem nulla labore','2022-11-27 11:44:03','2022-11-27 11:44:03'),(100,9,'Ipsum minima nobis.','explicabo magnam consequatur','2022-11-27 11:44:03','2022-11-27 11:44:03'),(101,13,'Autem impedit omnis.','hic odio ut','2022-11-27 11:44:03','2022-11-27 11:44:03'),(102,17,'Corporis fuga ut.','et dicta nobis','2022-11-27 11:44:03','2022-11-27 11:44:03'),(103,4,'Asperiores pariatur.','nihil ea ad','2022-11-27 11:44:03','2022-11-27 11:44:03'),(104,6,'Molestiae voluptates voluptas.','laudantium natus quos','2022-11-27 11:44:03','2022-11-27 11:44:03'),(105,17,'Quia quaerat voluptatibus.','totam quis accusantium','2022-11-27 11:44:03','2022-11-27 11:44:03'),(106,2,'Soluta impedit.','sint quia eos','2022-11-27 11:44:03','2022-11-27 11:44:03'),(107,5,'Et saepe aliquid.','saepe dolorem dolor','2022-11-27 11:44:03','2022-11-27 11:44:03'),(108,9,'Et nesciunt a.','autem perspiciatis illo','2022-11-27 11:44:03','2022-11-27 11:44:03'),(109,11,'Aut quia recusandae.','nobis consequatur cupiditate','2022-11-27 11:44:03','2022-11-27 11:44:03'),(110,12,'Asperiores amet inventore.','quas sunt et','2022-11-27 11:44:03','2022-11-27 11:44:03'),(111,9,'Quam assumenda debitis.','aut animi sit','2022-11-27 11:44:03','2022-11-27 11:44:03'),(112,2,'Consequatur aut.','magni magni sit','2022-11-27 11:44:03','2022-11-27 11:44:03'),(113,6,'Est vitae reiciendis.','ab molestias repellat','2022-11-27 11:44:03','2022-11-27 11:44:03'),(114,14,'Placeat culpa.','et exercitationem harum','2022-11-27 11:44:03','2022-11-27 11:44:03'),(115,13,'Autem cumque est.','nulla magnam tempora','2022-11-27 11:44:03','2022-11-27 11:44:03'),(116,9,'Aliquam dolor officia.','sint molestiae nihil','2022-11-27 11:44:03','2022-11-27 11:44:03'),(117,3,'Omnis vel.','sunt eum quia','2022-11-27 11:44:03','2022-11-27 11:44:03'),(118,4,'Veritatis hic.','voluptas consequatur quis','2022-11-27 11:44:03','2022-11-27 11:44:03'),(119,13,'Aut aliquam.','nostrum eos reprehenderit','2022-11-27 11:44:03','2022-11-27 11:44:03'),(120,12,'Blanditiis magnam.','aut laboriosam in','2022-11-27 11:44:03','2022-11-27 11:44:03'),(121,6,'Nisi est minus.','inventore nobis aut','2022-11-27 11:44:03','2022-11-27 11:44:03'),(122,15,'Sit enim.','nulla molestiae libero','2022-11-27 11:44:03','2022-11-27 11:44:03'),(123,1,'Quidem velit.','maiores architecto nam','2022-11-27 11:44:03','2022-11-27 11:44:03'),(124,10,'Labore est et.','necessitatibus accusantium voluptatem','2022-11-27 11:44:03','2022-11-27 11:44:03'),(125,17,'Sed voluptatem ipsa.','est excepturi omnis','2022-11-27 11:44:03','2022-11-27 11:44:03'),(126,2,'Vitae facilis.','praesentium quis cupiditate','2022-11-27 11:44:03','2022-11-27 11:44:03'),(127,6,'Inventore consequuntur nam.','repellat rerum omnis','2022-11-27 11:44:03','2022-11-27 11:44:03'),(128,16,'Aut eos nostrum.','et mollitia voluptatibus','2022-11-27 11:44:03','2022-11-27 11:44:03'),(129,2,'Sunt porro labore.','laudantium ratione harum','2022-11-27 11:44:03','2022-11-27 11:44:03'),(130,3,'Rerum incidunt.','molestiae voluptatem labore','2022-11-27 11:44:03','2022-11-27 11:44:03'),(131,8,'Omnis veniam doloremque.','distinctio veritatis eos','2022-11-27 11:44:03','2022-11-27 11:44:03'),(132,12,'Atque maiores ut.','ad sed quia','2022-11-27 11:44:03','2022-11-27 11:44:03'),(133,4,'Provident quidem nihil.','assumenda fugiat natus','2022-11-27 11:44:03','2022-11-27 11:44:03'),(134,19,'Dignissimos est.','harum aut sapiente','2022-11-27 11:44:03','2022-11-27 11:44:03'),(135,18,'In nihil.','aut molestias expedita','2022-11-27 11:44:03','2022-11-27 11:44:03'),(136,17,'Fugiat necessitatibus id.','eligendi fuga dignissimos','2022-11-27 11:44:03','2022-11-27 11:44:03'),(137,6,'Mollitia corporis aspernatur.','omnis aut consequatur','2022-11-27 11:44:03','2022-11-27 11:44:03'),(138,1,'Sunt dolores.','maiores possimus autem','2022-11-27 11:44:03','2022-11-27 11:44:03'),(139,5,'A quos repudiandae.','qui omnis aliquam','2022-11-27 11:44:03','2022-11-27 11:44:03'),(140,6,'Nobis impedit doloremque.','ullam provident veritatis','2022-11-27 11:44:03','2022-11-27 11:44:03'),(141,10,'Laborum id.','et eveniet quaerat','2022-11-27 11:44:03','2022-11-27 11:44:03'),(142,11,'Qui nostrum perferendis.','earum possimus ut','2022-11-27 11:44:03','2022-11-27 11:44:03'),(143,5,'Porro dolorem reiciendis.','omnis voluptatem quod','2022-11-27 11:44:03','2022-11-27 11:44:03'),(144,18,'Laborum sit hic.','eos reiciendis sunt','2022-11-27 11:44:03','2022-11-27 11:44:03'),(145,10,'Mollitia molestiae beatae.','iste et quae','2022-11-27 11:44:03','2022-11-27 11:44:03'),(146,20,'Sit atque ut.','accusantium similique facere','2022-11-27 11:44:03','2022-11-27 11:44:03'),(147,4,'Omnis totam.','et vitae reprehenderit','2022-11-27 11:44:03','2022-11-27 11:44:03'),(148,2,'Velit molestiae.','ullam vero eos','2022-11-27 11:44:03','2022-11-27 11:44:03'),(149,20,'Dolor voluptatem.','aperiam eaque voluptatem','2022-11-27 11:44:03','2022-11-27 11:44:03'),(150,12,'Iste ducimus velit.','nihil qui officiis','2022-11-27 11:44:03','2022-11-27 11:44:03'),(151,1,'Aliquid autem sint.','sint veniam vitae','2022-11-27 11:44:03','2022-11-27 11:44:03'),(152,20,'Sunt nulla.','itaque cum sit','2022-11-27 11:44:03','2022-11-27 11:44:03'),(153,8,'Molestiae quisquam.','ea aut ex','2022-11-27 11:44:03','2022-11-27 11:44:03'),(154,1,'Labore earum.','consequuntur dignissimos commodi','2022-11-27 11:44:03','2022-11-27 11:44:03'),(155,5,'Labore minima consequatur.','minus nesciunt soluta','2022-11-27 11:44:03','2022-11-27 11:44:03'),(156,8,'Eligendi culpa harum.','praesentium maiores id','2022-11-27 11:44:03','2022-11-27 11:44:03'),(157,7,'Quasi autem repellendus.','veniam veniam occaecati','2022-11-27 11:44:03','2022-11-27 11:44:03'),(158,12,'Iusto non.','et voluptatibus ea','2022-11-27 11:44:03','2022-11-27 11:44:03'),(159,4,'Neque fugiat.','illo illo blanditiis','2022-11-27 11:44:03','2022-11-27 11:44:03'),(160,9,'Ut maxime quo.','vel temporibus quod','2022-11-27 11:44:03','2022-11-27 11:44:03'),(161,20,'Maiores aut.','nihil aut non','2022-11-27 11:44:03','2022-11-27 11:44:03'),(162,18,'Vel eum.','rem ipsam qui','2022-11-27 11:44:03','2022-11-27 11:44:03'),(163,20,'Aut est tenetur.','architecto enim aut','2022-11-27 11:44:03','2022-11-27 11:44:03'),(164,11,'Aliquid autem.','aperiam accusantium totam','2022-11-27 11:44:03','2022-11-27 11:44:03'),(165,5,'Aspernatur neque.','eos illo dolores','2022-11-27 11:44:03','2022-11-27 11:44:03'),(166,11,'Debitis ut aut.','perspiciatis magni assumenda','2022-11-27 11:44:03','2022-11-27 11:44:03'),(167,3,'Explicabo eos fugit.','officia non sunt','2022-11-27 11:44:03','2022-11-27 11:44:03'),(168,11,'Quos eius.','explicabo similique sed','2022-11-27 11:44:03','2022-11-27 11:44:03'),(169,15,'Culpa ut et.','autem quae ut','2022-11-27 11:44:03','2022-11-27 11:44:03'),(170,20,'Eveniet ea.','doloribus porro non','2022-11-27 11:44:03','2022-11-27 11:44:03'),(171,15,'Fugit temporibus eos.','in ut qui','2022-11-27 11:44:03','2022-11-27 11:44:03'),(172,16,'Rerum provident.','omnis officia quia','2022-11-27 11:44:03','2022-11-27 11:44:03'),(173,9,'Iste exercitationem repellat.','nesciunt numquam amet','2022-11-27 11:44:03','2022-11-27 11:44:03'),(174,7,'Nihil dolores.','asperiores nam veniam','2022-11-27 11:44:03','2022-11-27 11:44:03'),(175,18,'Quaerat molestiae.','eligendi nulla reiciendis','2022-11-27 11:44:03','2022-11-27 11:44:03'),(176,19,'Dicta necessitatibus sunt.','omnis illum omnis','2022-11-27 11:44:03','2022-11-27 11:44:03'),(177,11,'Recusandae a eligendi.','minima odio eius','2022-11-27 11:44:03','2022-11-27 11:44:03'),(178,9,'Illum dolor.','ipsum sed ratione','2022-11-27 11:44:03','2022-11-27 11:44:03'),(179,12,'Earum similique et.','modi minima nisi','2022-11-27 11:44:03','2022-11-27 11:44:03'),(180,8,'Officia itaque.','dolorum voluptas quia','2022-11-27 11:44:03','2022-11-27 11:44:03'),(181,8,'Qui explicabo quod.','perferendis et impedit','2022-11-27 11:44:03','2022-11-27 11:44:03'),(182,8,'Vero consequatur.','iusto saepe beatae','2022-11-27 11:44:03','2022-11-27 11:44:03'),(183,9,'Dolor cupiditate.','dignissimos qui dolor','2022-11-27 11:44:03','2022-11-27 11:44:03'),(184,9,'Iusto molestias quaerat.','commodi ex et','2022-11-27 11:44:03','2022-11-27 11:44:03'),(185,9,'Aut beatae sed.','voluptates inventore veniam','2022-11-27 11:44:03','2022-11-27 11:44:03'),(186,10,'Non culpa deleniti.','reiciendis numquam quos','2022-11-27 11:44:03','2022-11-27 11:44:03'),(187,10,'Et facilis vero.','et et dolores','2022-11-27 11:44:03','2022-11-27 11:44:03'),(188,4,'Animi et quisquam.','pariatur ad eaque','2022-11-27 11:44:03','2022-11-27 11:44:03'),(189,20,'Qui dolor illum.','non porro tempore','2022-11-27 11:44:03','2022-11-27 11:44:03'),(190,12,'Qui qui sunt.','corporis ut non','2022-11-27 11:44:03','2022-11-27 11:44:03'),(191,17,'Commodi aperiam nobis.','debitis fugiat aspernatur','2022-11-27 11:44:03','2022-11-27 11:44:03'),(192,10,'Voluptatem eveniet dolore.','illum voluptas est','2022-11-27 11:44:03','2022-11-27 11:44:03'),(193,19,'Sapiente reiciendis voluptas.','qui quia commodi','2022-11-27 11:44:03','2022-11-27 11:44:03'),(194,3,'Quos dolores eius.','itaque minus dolor','2022-11-27 11:44:03','2022-11-27 11:44:03'),(195,3,'Voluptas accusamus.','voluptates et maxime','2022-11-27 11:44:03','2022-11-27 11:44:03'),(196,9,'Voluptas tempore fugit.','ut inventore et','2022-11-27 11:44:03','2022-11-27 11:44:03'),(197,20,'Magnam voluptas.','labore vel ut','2022-11-27 11:44:03','2022-11-27 11:44:03'),(198,19,'Nobis nisi voluptas.','cum necessitatibus alias','2022-11-27 11:44:03','2022-11-27 11:44:03'),(199,18,'Rem ut.','porro rerum et','2022-11-27 11:44:03','2022-11-27 11:44:03'),(200,11,'Beatae doloribus est.','rerum vel error','2022-11-27 11:44:03','2022-11-27 11:44:03'),(201,15,'Sint odio et.','cum soluta perferendis','2022-11-27 11:44:03','2022-11-27 11:44:03'),(202,11,'In est magnam.','facilis dolorum doloribus','2022-11-27 11:44:03','2022-11-27 11:44:03'),(203,12,'Soluta et eaque.','voluptatibus totam occaecati','2022-11-27 11:44:03','2022-11-27 11:44:03');
/*!40000 ALTER TABLE `flashcards` ENABLE KEYS */;
UNLOCK TABLES;

--
-- Table structure for table `groups`
--

DROP TABLE IF EXISTS `groups`;
/*!40101 SET @saved_cs_client     = @@character_set_client */;
/*!50503 SET character_set_client = utf8mb4 */;
CREATE TABLE `groups` (
  `id` bigint unsigned NOT NULL AUTO_INCREMENT,
  `owner` bigint unsigned NOT NULL,
  `name` varchar(255) COLLATE utf8mb4_unicode_ci NOT NULL,
  `description` varchar(255) COLLATE utf8mb4_unicode_ci DEFAULT NULL,
  `photo` varchar(255) COLLATE utf8mb4_unicode_ci NOT NULL DEFAULT 'images/default-group.svg',
  `type` enum('teachers','students') COLLATE utf8mb4_unicode_ci NOT NULL,
  `visibility` enum('private','public') COLLATE utf8mb4_unicode_ci NOT NULL,
  `created_at` timestamp NULL DEFAULT NULL,
  `updated_at` timestamp NULL DEFAULT NULL,
  PRIMARY KEY (`id`),
  KEY `groups_owner_foreign` (`owner`),
  CONSTRAINT `groups_owner_foreign` FOREIGN KEY (`owner`) REFERENCES `users` (`id`) ON DELETE CASCADE
) ENGINE=InnoDB AUTO_INCREMENT=28 DEFAULT CHARSET=utf8mb4 COLLATE=utf8mb4_unicode_ci;
/*!40101 SET character_set_client = @saved_cs_client */;

--
-- Dumping data for table `groups`
--

LOCK TABLES `groups` WRITE;
/*!40000 ALTER TABLE `groups` DISABLE KEYS */;
INSERT INTO `groups` VALUES (1,3,'SSPTAJI','Střední škola technická, průmyslová a automobilní Jihlava','https://upload.wikimedia.org/wikipedia/commons/f/f9/Digitaloszilloskop_IMGP1971_WP.jpg','teachers','private','2022-11-27 11:44:03','2022-11-27 11:44:03'),(2,3,'ELM','Elektrotechnícké měření - IT4A','https://upload.wikimedia.org/wikipedia/commons/f/f9/Digitaloszilloskop_IMGP1971_WP.jpg','students','private','2022-11-27 11:44:03','2022-11-27 11:44:03'),(3,6,'error earum consequuntur consequatur at','Facilis et non et.','https://via.placeholder.com/640x480.png/0000bb?text=abstract+ex','teachers','private','2022-11-27 11:44:03','2022-11-27 11:44:03'),(4,10,'ratione at praesentium amet voluptatem','Qui saepe cum et qui.','https://via.placeholder.com/640x480.png/002200?text=abstract+velit','teachers','private','2022-11-27 11:44:03','2022-11-27 11:44:03'),(5,9,'dolor qui dolorem est ut','Sit neque pariatur fuga quo.','https://via.placeholder.com/640x480.png/009911?text=abstract+et','teachers','private','2022-11-27 11:44:03','2022-11-27 11:44:03'),(6,10,'fugiat nihil non dolor quidem','Explicabo ipsa enim occaecati nulla.','https://via.placeholder.com/640x480.png/0000ee?text=abstract+corrupti','teachers','private','2022-11-27 11:44:03','2022-11-27 11:44:03'),(7,18,'rerum ratione explicabo est et','Excepturi tenetur vel.','https://via.placeholder.com/640x480.png/00cc88?text=abstract+omnis','teachers','private','2022-11-27 11:44:03','2022-11-27 11:44:03'),(8,5,'velit omnis qui et unde','Architecto dolorem omnis qui.','https://via.placeholder.com/640x480.png/0022ff?text=abstract+suscipit','students','private','2022-11-27 11:44:03','2022-11-27 11:44:03'),(9,3,'aut ad nihil ut vel','Laboriosam et modi quasi.','https://via.placeholder.com/640x480.png/00cc99?text=abstract+tenetur','students','private','2022-11-27 11:44:03','2022-11-27 11:44:03'),(10,23,'doloribus quam id sunt et','Dolorem animi id quia magnam.','https://via.placeholder.com/640x480.png/005500?text=abstract+asperiores','students','private','2022-11-27 11:44:03','2022-11-27 11:44:03'),(11,7,'blanditiis unde occaecati et quia','Rerum sit ea aut.','https://via.placeholder.com/640x480.png/001188?text=abstract+consequatur','students','private','2022-11-27 11:44:03','2022-11-27 11:44:03'),(12,25,'ipsa est deserunt quaerat repellat','Est cumque qui et.','https://via.placeholder.com/640x480.png/00eeff?text=abstract+in','students','private','2022-11-27 11:44:03','2022-11-27 11:44:03'),(13,27,'nulla dolor quia voluptatem in','Maxime modi iure sint.','https://via.placeholder.com/640x480.png/000088?text=abstract+et','students','private','2022-11-27 11:44:03','2022-11-27 11:44:03'),(14,22,'quis illo sunt a numquam','Eos possimus nobis ab.','https://via.placeholder.com/640x480.png/007733?text=abstract+incidunt','students','private','2022-11-27 11:44:03','2022-11-27 11:44:03'),(15,12,'unde delectus rem quidem occaecati','Dolores voluptas ad velit consequatur.','https://via.placeholder.com/640x480.png/0000bb?text=abstract+velit','students','private','2022-11-27 11:44:03','2022-11-27 11:44:03'),(16,29,'soluta iusto quibusdam nihil ut','Corrupti et nemo libero.','https://via.placeholder.com/640x480.png/0033ff?text=abstract+earum','students','private','2022-11-27 11:44:03','2022-11-27 11:44:03'),(17,15,'velit ut ipsa vero et','Voluptates voluptatem est harum.','https://via.placeholder.com/640x480.png/00dd44?text=abstract+nisi','students','private','2022-11-27 11:44:03','2022-11-27 11:44:03'),(18,27,'et eum sit voluptate assumenda','Sint maxime quo eum nam voluptas.','https://via.placeholder.com/640x480.png/008866?text=abstract+beatae','students','private','2022-11-27 11:44:03','2022-11-27 11:44:03'),(19,21,'est nesciunt iure consequatur sed','Aut qui et.','https://via.placeholder.com/640x480.png/00ee33?text=abstract+ex','students','private','2022-11-27 11:44:03','2022-11-27 11:44:03'),(20,16,'magni maxime ad incidunt error','Dolores nesciunt at deserunt officiis aliquam.','https://via.placeholder.com/640x480.png/00ddaa?text=abstract+quae','students','private','2022-11-27 11:44:03','2022-11-27 11:44:03'),(21,27,'ut ab eveniet eos repellendus','Numquam et beatae.','https://via.placeholder.com/640x480.png/00ffbb?text=abstract+dolorem','students','private','2022-11-27 11:44:03','2022-11-27 11:44:03'),(22,25,'voluptatum velit non delectus iusto','Qui dolor non.','https://via.placeholder.com/640x480.png/00dd55?text=abstract+consequatur','students','private','2022-11-27 11:44:03','2022-11-27 11:44:03'),(23,5,'eius possimus dolorum dolorum eligendi','Cum voluptatem modi numquam in et.','https://via.placeholder.com/640x480.png/0077bb?text=abstract+qui','students','private','2022-11-27 11:44:03','2022-11-27 11:44:03'),(24,23,'laborum fuga veniam occaecati eos','Id quaerat atque quidem officia quia.','https://via.placeholder.com/640x480.png/005555?text=abstract+reiciendis','students','private','2022-11-27 11:44:03','2022-11-27 11:44:03'),(25,4,'eius in vel fugiat repellendus','A perferendis amet nesciunt aspernatur.','https://via.placeholder.com/640x480.png/006600?text=abstract+consequatur','students','private','2022-11-27 11:44:03','2022-11-27 11:44:03'),(26,20,'aut consequatur odit illum sapiente','Odit suscipit ut voluptates nesciunt.','https://via.placeholder.com/640x480.png/006699?text=abstract+enim','students','private','2022-11-27 11:44:03','2022-11-27 11:44:03'),(27,23,'velit dolor quia ducimus animi','Atque iure natus minus.','https://via.placeholder.com/640x480.png/00aa77?text=abstract+distinctio','students','private','2022-11-27 11:44:03','2022-11-27 11:44:03');
/*!40000 ALTER TABLE `groups` ENABLE KEYS */;
UNLOCK TABLES;

--
-- Table structure for table `migrations`
--

DROP TABLE IF EXISTS `migrations`;
/*!40101 SET @saved_cs_client     = @@character_set_client */;
/*!50503 SET character_set_client = utf8mb4 */;
CREATE TABLE `migrations` (
  `id` int unsigned NOT NULL AUTO_INCREMENT,
  `migration` varchar(255) COLLATE utf8mb4_unicode_ci NOT NULL,
  `batch` int NOT NULL,
  PRIMARY KEY (`id`)
) ENGINE=InnoDB AUTO_INCREMENT=12 DEFAULT CHARSET=utf8mb4 COLLATE=utf8mb4_unicode_ci;
/*!40101 SET character_set_client = @saved_cs_client */;

--
-- Dumping data for table `migrations`
--

LOCK TABLES `migrations` WRITE;
/*!40000 ALTER TABLE `migrations` DISABLE KEYS */;
INSERT INTO `migrations` VALUES (1,'2014_10_12_000000_create_users_table',1),(2,'2014_10_12_100000_create_password_resets_table',1),(3,'2019_08_19_000000_create_failed_jobs_table',1),(4,'2019_12_14_000001_create_personal_access_tokens_table',1),(5,'2022_11_01_225019_create_exercises_table',1),(6,'2022_11_01_225415_create_flashcards_table',1),(7,'2022_11_15_220906_create_groups_table',1),(8,'2022_11_16_104422_create_attempts_table',1),(9,'2022_11_16_104544_create_users_memberships_table',1),(10,'2022_11_22_154052_create_assigned_exercises_table',1),(11,'2022_11_24_132416_create_shared_exercises_table',1);
/*!40000 ALTER TABLE `migrations` ENABLE KEYS */;
UNLOCK TABLES;

--
-- Table structure for table `password_resets`
--

DROP TABLE IF EXISTS `password_resets`;
/*!40101 SET @saved_cs_client     = @@character_set_client */;
/*!50503 SET character_set_client = utf8mb4 */;
CREATE TABLE `password_resets` (
  `email` varchar(255) COLLATE utf8mb4_unicode_ci NOT NULL,
  `token` varchar(255) COLLATE utf8mb4_unicode_ci NOT NULL,
  `created_at` timestamp NULL DEFAULT NULL,
  KEY `password_resets_email_index` (`email`)
) ENGINE=InnoDB DEFAULT CHARSET=utf8mb4 COLLATE=utf8mb4_unicode_ci;
/*!40101 SET character_set_client = @saved_cs_client */;

--
-- Dumping data for table `password_resets`
--

LOCK TABLES `password_resets` WRITE;
/*!40000 ALTER TABLE `password_resets` DISABLE KEYS */;
/*!40000 ALTER TABLE `password_resets` ENABLE KEYS */;
UNLOCK TABLES;

--
-- Table structure for table `personal_access_tokens`
--

DROP TABLE IF EXISTS `personal_access_tokens`;
/*!40101 SET @saved_cs_client     = @@character_set_client */;
/*!50503 SET character_set_client = utf8mb4 */;
CREATE TABLE `personal_access_tokens` (
  `id` bigint unsigned NOT NULL AUTO_INCREMENT,
  `tokenable_type` varchar(255) COLLATE utf8mb4_unicode_ci NOT NULL,
  `tokenable_id` bigint unsigned NOT NULL,
  `degree_front` varchar(255) COLLATE utf8mb4_unicode_ci DEFAULT NULL,
  `first_name` varchar(255) COLLATE utf8mb4_unicode_ci NOT NULL,
  `last_name` varchar(255) COLLATE utf8mb4_unicode_ci NOT NULL,
  `degree_after` varchar(255) COLLATE utf8mb4_unicode_ci DEFAULT NULL,
  `account_type` enum('admin','teacher','student') COLLATE utf8mb4_unicode_ci NOT NULL,
  `token` varchar(64) COLLATE utf8mb4_unicode_ci NOT NULL,
  `abilities` text COLLATE utf8mb4_unicode_ci,
  `last_used_at` timestamp NULL DEFAULT NULL,
  `created_at` timestamp NULL DEFAULT NULL,
  `updated_at` timestamp NULL DEFAULT NULL,
  PRIMARY KEY (`id`),
  UNIQUE KEY `personal_access_tokens_token_unique` (`token`),
  KEY `personal_access_tokens_tokenable_type_tokenable_id_index` (`tokenable_type`,`tokenable_id`)
) ENGINE=InnoDB DEFAULT CHARSET=utf8mb4 COLLATE=utf8mb4_unicode_ci;
/*!40101 SET character_set_client = @saved_cs_client */;

--
-- Dumping data for table `personal_access_tokens`
--

LOCK TABLES `personal_access_tokens` WRITE;
/*!40000 ALTER TABLE `personal_access_tokens` DISABLE KEYS */;
/*!40000 ALTER TABLE `personal_access_tokens` ENABLE KEYS */;
UNLOCK TABLES;

--
-- Table structure for table `shared_exercises`
--

DROP TABLE IF EXISTS `shared_exercises`;
/*!40101 SET @saved_cs_client     = @@character_set_client */;
/*!50503 SET character_set_client = utf8mb4 */;
CREATE TABLE `shared_exercises` (
  `id` bigint unsigned NOT NULL AUTO_INCREMENT,
  `exercise_id` bigint unsigned NOT NULL,
  `group_id` bigint unsigned NOT NULL,
  `created_at` timestamp NULL DEFAULT NULL,
  `updated_at` timestamp NULL DEFAULT NULL,
  PRIMARY KEY (`id`),
  KEY `shared_exercises_exercise_id_foreign` (`exercise_id`),
  KEY `shared_exercises_group_id_foreign` (`group_id`),
  CONSTRAINT `shared_exercises_exercise_id_foreign` FOREIGN KEY (`exercise_id`) REFERENCES `exercises` (`id`) ON DELETE CASCADE,
  CONSTRAINT `shared_exercises_group_id_foreign` FOREIGN KEY (`group_id`) REFERENCES `groups` (`id`) ON DELETE CASCADE
) ENGINE=InnoDB AUTO_INCREMENT=8 DEFAULT CHARSET=utf8mb4 COLLATE=utf8mb4_unicode_ci;
/*!40101 SET character_set_client = @saved_cs_client */;

--
-- Dumping data for table `shared_exercises`
--

LOCK TABLES `shared_exercises` WRITE;
/*!40000 ALTER TABLE `shared_exercises` DISABLE KEYS */;
INSERT INTO `shared_exercises` VALUES (1,1,4,NULL,NULL),(2,9,4,NULL,NULL),(3,1,5,NULL,NULL),(4,16,5,NULL,NULL),(5,5,6,NULL,NULL),(6,15,6,NULL,NULL),(7,2,1,NULL,NULL);
/*!40000 ALTER TABLE `shared_exercises` ENABLE KEYS */;
UNLOCK TABLES;

--
-- Table structure for table `users`
--

DROP TABLE IF EXISTS `users`;
/*!40101 SET @saved_cs_client     = @@character_set_client */;
/*!50503 SET character_set_client = utf8mb4 */;
CREATE TABLE `users` (
  `id` bigint unsigned NOT NULL AUTO_INCREMENT,
  `email` varchar(255) COLLATE utf8mb4_unicode_ci NOT NULL,
  `degree_front` varchar(255) COLLATE utf8mb4_unicode_ci DEFAULT NULL,
  `first_name` varchar(255) COLLATE utf8mb4_unicode_ci NOT NULL,
  `last_name` varchar(255) COLLATE utf8mb4_unicode_ci NOT NULL,
  `degree_after` varchar(255) COLLATE utf8mb4_unicode_ci DEFAULT NULL,
  `school` varchar(255) COLLATE utf8mb4_unicode_ci DEFAULT NULL,
  `photo` varchar(255) COLLATE utf8mb4_unicode_ci NOT NULL DEFAULT 'images/default-user.svg',
  `account_type` enum('admin','teacher','student') COLLATE utf8mb4_unicode_ci NOT NULL,
  `email_verified_at` timestamp NULL DEFAULT NULL,
  `password` varchar(255) COLLATE utf8mb4_unicode_ci NOT NULL,
  `remember_token` varchar(100) COLLATE utf8mb4_unicode_ci DEFAULT NULL,
  `created_at` timestamp NULL DEFAULT NULL,
  `updated_at` timestamp NULL DEFAULT NULL,
  PRIMARY KEY (`id`),
  UNIQUE KEY `users_email_unique` (`email`)
) ENGINE=InnoDB AUTO_INCREMENT=101 DEFAULT CHARSET=utf8mb4 COLLATE=utf8mb4_unicode_ci;
/*!40101 SET character_set_client = @saved_cs_client */;

--
-- Dumping data for table `users`
--

LOCK TABLES `users` WRITE;
/*!40000 ALTER TABLE `users` DISABLE KEYS */;
INSERT INTO `users` VALUES (1,'admin@example.com',NULL,'admin','admin',NULL,NULL,'https://via.placeholder.com/640x480.png/000055?text=people+cumque','admin','2022-11-27 11:43:52','$2y$10$reBn7RsCy8x8/ISCPQYDMO7m9Yg45Lx8/ovDZOkcFjL710OtzklBG','oM9iayGwWf','2022-11-27 11:43:52','2022-11-27 11:43:52'),(2,'speedy@example.com',NULL,'Marek','Dočekal',NULL,NULL,'https://via.placeholder.com/640x480.png/006677?text=people+est','student','2022-11-27 11:43:52','$2y$10$86aMajuon18iZdjSs8BnQ.Oy0f2WmwBBUrS.eyeZzKZMg/AqMTLbC','Y48xTwsW3yFjZE0t5fb6eQSjfJwnb4K0zgZ69FMouuDaxxh1B2OTvd2JVTyM','2022-11-27 11:43:52','2022-11-27 11:43:52'),(3,'BBELM@example.com','Dr.','Bohumil','Brtník','Ing.',NULL,'https://via.placeholder.com/640x480.png/00ff44?text=people+et','teacher','2022-11-27 11:43:52','$2y$10$5wJ73t/bjtOq556Z69xNt.71gLLe0ryBKkKLh27.LEr1HphPg79fa','kF5iSa7fmHfl8fQCe85fJYdP1m68mSVbigDVKeesqBYvsg4ZilL2Tk5phMQb','2022-11-27 11:43:52','2022-11-27 11:43:52'),(4,'abbott.beverly@example.net','Mgr.','Valentine','Effertz','PhDr.',NULL,'https://via.placeholder.com/640x480.png/005566?text=people+ut','teacher','2022-11-27 11:43:52','$2y$10$V42GAF.AsdqQBFPmjDS8TeYZ0xhnQkPQlwMM1vztAvZdOMurGWfva','sxHwzsdHr2','2022-11-27 11:43:55','2022-11-27 11:43:55'),(5,'yvette03@example.org',NULL,'Lucile','Labadie',NULL,NULL,'https://via.placeholder.com/640x480.png/0077ff?text=people+autem','teacher','2022-11-27 11:43:52','$2y$10$V0c/foYE.97CmyOFQair/.Q1e/HQX6T3rs6zWwdFUt.1ymeYqJYSq','CYyWCYKJ4s','2022-11-27 11:43:55','2022-11-27 11:43:55'),(6,'yokuneva@example.com','PhDr.','May','Dietrich','Mgr.',NULL,'https://via.placeholder.com/640x480.png/007733?text=people+illo','teacher','2022-11-27 11:43:52','$2y$10$f2Wp8/tfl96fZUWNH8lKP.VKhlfCmZYyqg0v6ikh8ZTIPj4Tduu62','m0choK28i6','2022-11-27 11:43:55','2022-11-27 11:43:55'),(7,'kyla38@example.com',NULL,'Walker','Johnson','PhDr.',NULL,'https://via.placeholder.com/640x480.png/007777?text=people+et','teacher','2022-11-27 11:43:52','$2y$10$wlKFLtTY0Gxp.RA5bDxDhugrbaa40LAJ0Ymub5RVX9//n7rHrwJNm','xe2gMd0OfJ','2022-11-27 11:43:55','2022-11-27 11:43:55'),(8,'kconnelly@example.com','Ing.','Jerome','Torp','Ing.',NULL,'https://via.placeholder.com/640x480.png/00aa44?text=people+nihil','teacher','2022-11-27 11:43:53','$2y$10$ZDjq5B.BEr2wX1rJgG9FAu.wCQwgWsqaPWd/PVP3pfoa0WjDqz4RO','ZPnPJlhmNC','2022-11-27 11:43:55','2022-11-27 11:43:55'),(9,'ardella.nolan@example.net','Ing.','Mia','Krajcik','Mgr.',NULL,'https://via.placeholder.com/640x480.png/001177?text=people+suscipit','teacher','2022-11-27 11:43:53','$2y$10$VQbzSGMMhMDBSMmM0sOtU.avG8FvzNa5mM4MnIPCA.P2A/9of.Ei6','UN0BUIvsbo','2022-11-27 11:43:55','2022-11-27 11:43:55'),(10,'katelin62@example.net',NULL,'Monte','Sawayn','PhDr.',NULL,'https://via.placeholder.com/640x480.png/0044aa?text=people+debitis','teacher','2022-11-27 11:43:53','$2y$10$OcBi7qcyFEvp46R5v5EdEu7ag4R1EafHZctfjNZwhJrhMtpJ3xoKi','9BbWTZT2q7','2022-11-27 11:43:55','2022-11-27 11:43:55'),(11,'charles89@example.com','Ing.','Sadie','Marvin','PhDr.',NULL,'https://via.placeholder.com/640x480.png/00bb00?text=people+provident','teacher','2022-11-27 11:43:53','$2y$10$Zgb5SCX5d2X3ubUzK6kFQeLYxC4CMYfA.a2fEJw/obNKmSeWX/ovm','prLJB6Tv35','2022-11-27 11:43:55','2022-11-27 11:43:55'),(12,'uschmeler@example.com','Ing.','Rhoda','Boyle','Mgr.',NULL,'https://via.placeholder.com/640x480.png/004433?text=people+non','teacher','2022-11-27 11:43:53','$2y$10$ilMGd5wHfWVBR5wJVy6thO/qCeCHtUlIfiH5/m8hDjlyA7amuCgqO','Js4FmicOfu','2022-11-27 11:43:55','2022-11-27 11:43:55'),(13,'electa83@example.net','Ing.','Henri','Lindgren','Mgr.',NULL,'https://via.placeholder.com/640x480.png/004444?text=people+est','teacher','2022-11-27 11:43:53','$2y$10$epdsi8N8D.LZ5LxEwAikMeBXGdHDVxInbwmPk6ZMk4tugX9/ldr2O','IZz39o8Ijb','2022-11-27 11:43:55','2022-11-27 11:43:55'),(14,'ygerlach@example.net',NULL,'Judd','Mayer','Ing.',NULL,'https://via.placeholder.com/640x480.png/00ccff?text=people+explicabo','teacher','2022-11-27 11:43:53','$2y$10$mWohmt6rSkoHpk2t2W0htuFpmRAUWKf5WKpMz4fIRsevMw9tF7C0e','xp5TRUqw3C','2022-11-27 11:43:55','2022-11-27 11:43:55'),(15,'rdeckow@example.net','Bc.','Maegan','Ortiz','PhDr.',NULL,'https://via.placeholder.com/640x480.png/00ffaa?text=people+molestiae','teacher','2022-11-27 11:43:53','$2y$10$XJ0/.JxSmkXkEUICBL5d8u4Xch/CFRyVMCYgzpTehbMfW9LOmNS.m','kF1sltPJkF','2022-11-27 11:43:55','2022-11-27 11:43:55'),(16,'tess.simonis@example.net','Mgr.','Freeman','Ziemann','Ing.',NULL,'https://via.placeholder.com/640x480.png/006677?text=people+corporis','teacher','2022-11-27 11:43:53','$2y$10$bL5badUK4xIir3DpcuSYfu.nTEwIKtDLG7DKcmciZ4Nh6p..t/Um6','GVNbJAuqHO','2022-11-27 11:43:55','2022-11-27 11:43:55'),(17,'jaquelin02@example.com','Mgr.','Alex','Skiles','Mgr.',NULL,'https://via.placeholder.com/640x480.png/00aa33?text=people+corporis','teacher','2022-11-27 11:43:54','$2y$10$qedbDUU81KHudXsEVcDDlesTe6np0jGxkR4Gt5ylerMeE6mmB83au','PWPYaCUOyp','2022-11-27 11:43:55','2022-11-27 11:43:55'),(18,'jedediah71@example.net','Ing.','Larue','Muller','PhDr.',NULL,'https://via.placeholder.com/640x480.png/004477?text=people+in','teacher','2022-11-27 11:43:54','$2y$10$US0TThO0SyBdgwYUun5YrOfWLrW1tNvYPi18bJHlyuiNL0m4yh7uy','SrOjj7vPgj','2022-11-27 11:43:55','2022-11-27 11:43:55'),(19,'malcolm.schoen@example.org','Ing.','Vickie','Mayer',NULL,NULL,'https://via.placeholder.com/640x480.png/0066aa?text=people+quia','teacher','2022-11-27 11:43:54','$2y$10$orj0lKFYaTRdMCbIOaAZteA1PUsfVHzvy7Qe/pOk1Ux6CSIKghCDe','9bgjQjMILP','2022-11-27 11:43:55','2022-11-27 11:43:55'),(20,'waino69@example.net','Bc.','Helen','Pollich','Ing.',NULL,'https://via.placeholder.com/640x480.png/00bb55?text=people+eos','teacher','2022-11-27 11:43:54','$2y$10$LKP9L6pO71TNC.tCkSHRMegCSMlD0hnceFGywQjs5I12wG.NmXjO6','FXZkZw7ZkA','2022-11-27 11:43:55','2022-11-27 11:43:55'),(21,'jovan12@example.org','Mgr.','Virgie','Reichert',NULL,NULL,'https://via.placeholder.com/640x480.png/003344?text=people+placeat','teacher','2022-11-27 11:43:54','$2y$10$bTpEWScJRvcV91j.aGFzV.AZPAVol8YnQ03qV.hMJ8B7axIOu02me','cILVoCfTd5','2022-11-27 11:43:55','2022-11-27 11:43:55'),(22,'kertzmann.braxton@example.org','PhDr.','Lottie','Heaney','PhDr.',NULL,'https://via.placeholder.com/640x480.png/00eeff?text=people+nemo','teacher','2022-11-27 11:43:54','$2y$10$Zd3bSDnd6jIc8Ri.YrB0ge64qC3IFc525d1RZeUL/eGCCxFC6.0wu','7H4fWJZDXI','2022-11-27 11:43:55','2022-11-27 11:43:55'),(23,'carter.breanne@example.com','PhDr.','Manley','Bernier','PhDr.',NULL,'https://via.placeholder.com/640x480.png/003377?text=people+consectetur','teacher','2022-11-27 11:43:54','$2y$10$3SxNw9.mr.tneQu91IDVA.Q6pkJ4JZJrAFHlTa6U5CVJna0ItB3vS','87fu52flBV','2022-11-27 11:43:55','2022-11-27 11:43:55'),(24,'lois75@example.com',NULL,'George','Prosacco','Ing.',NULL,'https://via.placeholder.com/640x480.png/00ff55?text=people+sint','teacher','2022-11-27 11:43:54','$2y$10$8e9lO7oqCpQJDz/OYdjaK.uf8iPdsTaLP1YlM9sa2k/l2veIJnqje','jccCJgNqY7','2022-11-27 11:43:55','2022-11-27 11:43:55'),(25,'amalia08@example.net','Mgr.','Aniya','Stamm',NULL,NULL,'https://via.placeholder.com/640x480.png/001100?text=people+quia','teacher','2022-11-27 11:43:54','$2y$10$uLE.h/JUfC7HV7RBewy0teMVhv166sb7qIYCAZ2SrNwrrG2WNdk26','ITF9mtbxEy','2022-11-27 11:43:55','2022-11-27 11:43:55'),(26,'orn.saul@example.net',NULL,'Hildegard','Krajcik','PhDr.',NULL,'https://via.placeholder.com/640x480.png/000055?text=people+sunt','teacher','2022-11-27 11:43:54','$2y$10$kjqZGOBDiADg7J/jzocYXOYzRQfNQriOq92phOgd1b8lnRme/4gOC','UT4cDAB9Vi','2022-11-27 11:43:55','2022-11-27 11:43:55'),(27,'buford.schneider@example.org','Ing.','Hortense','Torphy','Ing.',NULL,'https://via.placeholder.com/640x480.png/00ccff?text=people+quibusdam','teacher','2022-11-27 11:43:55','$2y$10$vye5K1sZEyst71d1OfWAbOIIV5gV21D.Z0kmur4lOylwiJ2ZOqpga','gQJNmuSkA2','2022-11-27 11:43:55','2022-11-27 11:43:55'),(28,'robb.gibson@example.org',NULL,'Nona','Shields',NULL,NULL,'https://via.placeholder.com/640x480.png/00cc99?text=people+et','teacher','2022-11-27 11:43:55','$2y$10$ZN/jNY.MMy5CNVezcAzEYuGP59QjKJ/D9qTE9b7xp8F4.Xu266Dvm','s5OtJRwmf5','2022-11-27 11:43:55','2022-11-27 11:43:55'),(29,'hmarks@example.net','PhDr.','Sydnee','Jaskolski',NULL,NULL,'https://via.placeholder.com/640x480.png/0033dd?text=people+iure','teacher','2022-11-27 11:43:55','$2y$10$LMdWeg4dOC1QG1.1a4w/1uH8H4hOTs0z75VFqfjRCF4pCACoUXoMi','vb5Dtrq7e7','2022-11-27 11:43:55','2022-11-27 11:43:55'),(30,'bahringer.desiree@example.org',NULL,'Charity','Grimes','Ing.',NULL,'https://via.placeholder.com/640x480.png/00ffdd?text=people+placeat','teacher','2022-11-27 11:43:55','$2y$10$grgRQYs4nxdemXVMpvIzJu8fOTXf2o7JQnaug58w2HJ43J9lzwKHS','E2anKtEjG4','2022-11-27 11:43:55','2022-11-27 11:43:55'),(31,'micah00@example.net',NULL,'Kamille','Kshlerin',NULL,NULL,'https://via.placeholder.com/640x480.png/00ffee?text=people+et','student','2022-11-27 11:43:55','$2y$10$7sxmellobDMbgHVbKOV16eiQ19s5x1ag3CCkXnTx93EqnqQ3RzRGm','sFkw7guiJZ','2022-11-27 11:44:02','2022-11-27 11:44:02'),(32,'xhamill@example.org',NULL,'Breana','Kihn',NULL,NULL,'https://via.placeholder.com/640x480.png/002233?text=people+mollitia','student','2022-11-27 11:43:55','$2y$10$SkA2PSP/nCT7hHA1eRaamOo0w1tpO5YXEGIrucIzLusU4iGSL2kP.','NfLC4wXIre','2022-11-27 11:44:02','2022-11-27 11:44:02'),(33,'eino73@example.com',NULL,'Marquis','Shanahan',NULL,NULL,'https://via.placeholder.com/640x480.png/0077cc?text=people+dignissimos','student','2022-11-27 11:43:55','$2y$10$DgYjH9.wmBcQDFstR93SleOMYwKx9qYkb2wXuGJKeGFlqdPFw4Kom','CSvSyfsAbe','2022-11-27 11:44:02','2022-11-27 11:44:02'),(34,'ryder14@example.com',NULL,'Jaiden','Crona',NULL,NULL,'https://via.placeholder.com/640x480.png/00eeaa?text=people+voluptas','student','2022-11-27 11:43:55','$2y$10$62nmgWxtGQW/4uAtZUYrg.WC0KpgDRXyXTJmioG/JA41x.EvZ48Yy','B9gAsRIgyE','2022-11-27 11:44:02','2022-11-27 11:44:02'),(35,'maureen31@example.net',NULL,'Geoffrey','Hammes',NULL,NULL,'https://via.placeholder.com/640x480.png/0044ee?text=people+et','student','2022-11-27 11:43:55','$2y$10$6ONZepsB256HGpmLzyeOruDWzEG2kStVN96Ks5TOb3tSKoXFzNNzi','rWS1p1aoWo','2022-11-27 11:44:02','2022-11-27 11:44:02'),(36,'margret.morar@example.net',NULL,'Zachery','Davis',NULL,NULL,'https://via.placeholder.com/640x480.png/00dd22?text=people+cumque','student','2022-11-27 11:43:56','$2y$10$359DJ2.IRN6szlbKIIp1J.V.l0sLhx2ak4YVPy33Z9kMOBwbjjlCe','WPMbvHYPT9','2022-11-27 11:44:02','2022-11-27 11:44:02'),(37,'ubergnaum@example.com',NULL,'Caroline','Oberbrunner',NULL,NULL,'https://via.placeholder.com/640x480.png/006600?text=people+voluptas','student','2022-11-27 11:43:56','$2y$10$UffbIyXlK53RmgI/eS0b9edcPghQt2OLE20HpSJKEOB9vcVVBmSYW','2kyXRINirz','2022-11-27 11:44:02','2022-11-27 11:44:02'),(38,'jennie98@example.net',NULL,'Gene','Konopelski',NULL,NULL,'https://via.placeholder.com/640x480.png/00ffcc?text=people+facilis','student','2022-11-27 11:43:56','$2y$10$aPP1RU6co/NDTso09RKBjORMgUCG0yAp4mSMsfjlZA.WTOsSAGL3e','WS4bsAko89','2022-11-27 11:44:02','2022-11-27 11:44:02'),(39,'brown08@example.org',NULL,'Ida','Beahan',NULL,NULL,'https://via.placeholder.com/640x480.png/0088dd?text=people+quam','student','2022-11-27 11:43:56','$2y$10$tygEv1nr91Jgh4Xt9T/WsOXoWgdsMNYQPUOIxByxrHCQE99gQlWDy','Zq5dCCb1fu','2022-11-27 11:44:02','2022-11-27 11:44:02'),(40,'katherine.doyle@example.com',NULL,'Bradford','White',NULL,NULL,'https://via.placeholder.com/640x480.png/0099ff?text=people+repudiandae','student','2022-11-27 11:43:56','$2y$10$Ru0EiMtpLr7SiPO.t3Nmg.QP1fUUy6xECDMkBiQ4fZhZGLyX/rrO2','E3iCp9XUKI','2022-11-27 11:44:02','2022-11-27 11:44:02'),(41,'sebastian81@example.net',NULL,'Grayson','Lynch',NULL,NULL,'https://via.placeholder.com/640x480.png/0099dd?text=people+accusantium','student','2022-11-27 11:43:56','$2y$10$RQ2TsK85kNXrtO1R2/j8B.nQlXqsAjoEGaNFbHOMxSd5/qtWaAhuW','drswNzrkrT','2022-11-27 11:44:02','2022-11-27 11:44:02'),(42,'jerde.carmelo@example.com',NULL,'Ariel','Koelpin',NULL,NULL,'https://via.placeholder.com/640x480.png/0077cc?text=people+nemo','student','2022-11-27 11:43:56','$2y$10$xzBBkXE3z8iN/gbo4caI3ePBRNSWpxRu5XOXTImjfVrdAlOqcEPze','Vi9pfelOie','2022-11-27 11:44:02','2022-11-27 11:44:02'),(43,'flavio.becker@example.org',NULL,'Kari','Pfannerstill',NULL,NULL,'https://via.placeholder.com/640x480.png/00ddee?text=people+beatae','student','2022-11-27 11:43:56','$2y$10$H.9WdpSDaBil/OO1/pgxCuyWYwifc96hI4S2E0VqS/rH97bZMb9na','TRRZAnn9pa','2022-11-27 11:44:02','2022-11-27 11:44:02'),(44,'carmelo.stroman@example.org',NULL,'Emely','Gulgowski',NULL,NULL,'https://via.placeholder.com/640x480.png/003366?text=people+dignissimos','student','2022-11-27 11:43:56','$2y$10$pCJsluR2I1yk5jdCyC35eeQe9pCWS3BLYS/aI3KH/fQkvZTk318fS','99H2oflQJ5','2022-11-27 11:44:02','2022-11-27 11:44:02'),(45,'darby13@example.com',NULL,'Jonatan','Hodkiewicz',NULL,NULL,'https://via.placeholder.com/640x480.png/00cc00?text=people+quis','student','2022-11-27 11:43:57','$2y$10$w3DPqcTE996nPevy5o/PXeOe7dCHYTblNl.kNyBZ0yWMcA3Dh5aXi','jMuIIoyJO9','2022-11-27 11:44:02','2022-11-27 11:44:02'),(46,'smurray@example.org',NULL,'Toni','Wolff',NULL,NULL,'https://via.placeholder.com/640x480.png/008833?text=people+dolorem','student','2022-11-27 11:43:57','$2y$10$xYRe/Utqn4CatKM7DJh6xO02aNBNQXDaYHLCsl6rKKxasRh2PJAbC','2uVbREqaEl','2022-11-27 11:44:02','2022-11-27 11:44:02'),(47,'alexandrea65@example.org',NULL,'Leanna','Kris',NULL,NULL,'https://via.placeholder.com/640x480.png/00ee22?text=people+aut','student','2022-11-27 11:43:57','$2y$10$f9i9ZHvNL83ufx2wF0OQ3O4GYvFCfyozFYYX9YP90oeR53FPcLis6','jPnyjytADs','2022-11-27 11:44:02','2022-11-27 11:44:02'),(48,'stamm.neva@example.net',NULL,'Jeramie','Yundt',NULL,NULL,'https://via.placeholder.com/640x480.png/00dd66?text=people+error','student','2022-11-27 11:43:57','$2y$10$/HlmYi7DjMJadT1Cb/dNe.Xsr7ilnCkykxc/a32r1ef3vWhHMZR1G','Ofmx8SoVKQ','2022-11-27 11:44:02','2022-11-27 11:44:02'),(49,'mossie93@example.org',NULL,'Columbus','Cormier',NULL,NULL,'https://via.placeholder.com/640x480.png/00dd44?text=people+nihil','student','2022-11-27 11:43:57','$2y$10$NLfmN0LDgF4Bg301TzEYq.vfskzLvFgT7lJmiD5CTp/wEXaHI8Xiu','1oTIJH0S9k','2022-11-27 11:44:02','2022-11-27 11:44:02'),(50,'dallin01@example.com',NULL,'Urban','Mertz',NULL,NULL,'https://via.placeholder.com/640x480.png/0033ff?text=people+eius','student','2022-11-27 11:43:57','$2y$10$rTAT7apCI.2TYNWOk3YSAef027VEttcm0bGY7i.Mfa8cG3Zi7Vyly','qvos2oOHGQ','2022-11-27 11:44:02','2022-11-27 11:44:02'),(51,'kathryne.labadie@example.org',NULL,'Elizabeth','Lockman',NULL,NULL,'https://via.placeholder.com/640x480.png/00ccdd?text=people+saepe','student','2022-11-27 11:43:57','$2y$10$fylynBq6aspKs54dDb3Bj.41UoVP8joXBnLkWwM/fuark2oEJ.fhC','hvWO6DE6lt','2022-11-27 11:44:02','2022-11-27 11:44:02'),(52,'sidney60@example.net',NULL,'Kane','Hickle',NULL,NULL,'https://via.placeholder.com/640x480.png/002266?text=people+modi','student','2022-11-27 11:43:57','$2y$10$ufbgQfIXrh.ovZ2p9k6x6.hMBBQg1wxvhSKVx4E6hEInK9iGYhjKe','z7dv2oqvYK','2022-11-27 11:44:02','2022-11-27 11:44:02'),(53,'jacobi.ulices@example.com',NULL,'Lawson','Dietrich',NULL,NULL,'https://via.placeholder.com/640x480.png/001100?text=people+modi','student','2022-11-27 11:43:57','$2y$10$n112UjP0kwmm.kqbPH0LluBjtq1ZCWJGWcuBpHNos3UAPBuRMwtLG','LptMpUNI9M','2022-11-27 11:44:02','2022-11-27 11:44:02'),(54,'jaren.roob@example.org',NULL,'Kiara','Altenwerth',NULL,NULL,'https://via.placeholder.com/640x480.png/006699?text=people+ad','student','2022-11-27 11:43:57','$2y$10$fs8LC7cXjwsRw0PhBNF6guGqN2dHu1VX28Nt3RtZ9woKSgzTqiWZO','oEemKEvFpp','2022-11-27 11:44:02','2022-11-27 11:44:02'),(55,'jalon.schmitt@example.org',NULL,'Stephan','Waters',NULL,NULL,'https://via.placeholder.com/640x480.png/00bbdd?text=people+voluptates','student','2022-11-27 11:43:58','$2y$10$zcrrSCKNopUHW2TEVKnnaO5BTlbIw2DMt/zsWiyBiP/iMOY/dY7sm','KUn56WXT1V','2022-11-27 11:44:02','2022-11-27 11:44:02'),(56,'epacocha@example.net',NULL,'Nolan','Emmerich',NULL,NULL,'https://via.placeholder.com/640x480.png/00aa99?text=people+qui','student','2022-11-27 11:43:58','$2y$10$x5voZhsdxIxmhe23kt2J8.iIsfAG1qdPl68YIZG7pTVGkvTPV63X.','CJfFILU5lS','2022-11-27 11:44:02','2022-11-27 11:44:02'),(57,'barrows.telly@example.net',NULL,'Ena','Dicki',NULL,NULL,'https://via.placeholder.com/640x480.png/009977?text=people+aut','student','2022-11-27 11:43:58','$2y$10$QJKfNkB1vWrgK.Zkp1JpHe26VW4OKdX7Uqxf.oIo3iydOr9mSxZk2','6NuUf8BFhj','2022-11-27 11:44:02','2022-11-27 11:44:02'),(58,'bayer.lauretta@example.org',NULL,'Burnice','Hickle',NULL,NULL,'https://via.placeholder.com/640x480.png/000088?text=people+iure','student','2022-11-27 11:43:58','$2y$10$P8nxKXLIPjL1F4Q0.pVvMO6Mb15bxz8WTr/bxeTAUtBdpRWyzWs.u','M8HxTAVEqO','2022-11-27 11:44:02','2022-11-27 11:44:02'),(59,'amalia85@example.org',NULL,'Murl','Hessel',NULL,NULL,'https://via.placeholder.com/640x480.png/001155?text=people+at','student','2022-11-27 11:43:58','$2y$10$INzn4/stWppaZMWtcnvqLe4Uo.fsbjvf1f6Qo1BxNk0gyVaDKc2m6','52lxlJOZ4y','2022-11-27 11:44:02','2022-11-27 11:44:02'),(60,'schmidt.noemi@example.org',NULL,'Ezekiel','Connelly',NULL,NULL,'https://via.placeholder.com/640x480.png/004400?text=people+ducimus','student','2022-11-27 11:43:58','$2y$10$Qo3fYv4hkpKhekCEKv1Z3eZ0VPpkUrrZ/G3yQYiuUaskb8cVdV1iW','W50bYbvI5d','2022-11-27 11:44:02','2022-11-27 11:44:02'),(61,'xdaniel@example.net',NULL,'Royal','Treutel',NULL,NULL,'https://via.placeholder.com/640x480.png/000000?text=people+repellendus','student','2022-11-27 11:43:58','$2y$10$qg7ch2oogVky29lq3raQmOtOSaNBQnJK140Uvt79118MishMthOtO','lXEKODDv3s','2022-11-27 11:44:02','2022-11-27 11:44:02'),(62,'mayer.brown@example.org',NULL,'Angela','Welch',NULL,NULL,'https://via.placeholder.com/640x480.png/0022bb?text=people+et','student','2022-11-27 11:43:58','$2y$10$zI5zPd2PI5ZPxftP1LgKPej6u9NdM.W.XeL0LnGJjGCan5NOISRTO','aRhrZsIDij','2022-11-27 11:44:02','2022-11-27 11:44:02'),(63,'zelma.keeling@example.org',NULL,'Peyton','Gutkowski',NULL,NULL,'https://via.placeholder.com/640x480.png/001199?text=people+qui','student','2022-11-27 11:43:58','$2y$10$JXRUleGlMa8sPSxORY2KU.G02/3cGBYOJdYBEXpfQTaEeD0OLeLNa','fhtGVDA6Gc','2022-11-27 11:44:02','2022-11-27 11:44:02'),(64,'keshawn92@example.com',NULL,'Doris','Kub',NULL,NULL,'https://via.placeholder.com/640x480.png/00cccc?text=people+sunt','student','2022-11-27 11:43:59','$2y$10$wQMF572inxq47xls39SiFe1KaOkEeBYCSkxrGNnzh3Sph1oWHDaPm','lq3zyde5Mi','2022-11-27 11:44:02','2022-11-27 11:44:02'),(65,'kreynolds@example.net',NULL,'Haskell','Kuphal',NULL,NULL,'https://via.placeholder.com/640x480.png/00dd77?text=people+architecto','student','2022-11-27 11:43:59','$2y$10$7VqRamr5JCx3bU/hKsJ6EuWco.tdDDjcWQ3lxLMuirPJ0W.12Zg36','juwNxSswLm','2022-11-27 11:44:02','2022-11-27 11:44:02'),(66,'predovic.marcia@example.net',NULL,'Vernice','Farrell',NULL,NULL,'https://via.placeholder.com/640x480.png/00ee00?text=people+sint','student','2022-11-27 11:43:59','$2y$10$ekh/UZ38WNMLeXk6jOmf/uFx.M3.bKJIZyN20lo0bXxoIXn6wA2Vq','TYT6E7dMf5','2022-11-27 11:44:02','2022-11-27 11:44:02'),(67,'ystamm@example.net',NULL,'Marlin','Schowalter',NULL,NULL,'https://via.placeholder.com/640x480.png/005511?text=people+recusandae','student','2022-11-27 11:43:59','$2y$10$kmz78S5UEhKFdWZ8i7ccB.RqAbk7FIdZt3kZFMBiYUlUpXdVNZ./O','Y8t4tRxakE','2022-11-27 11:44:02','2022-11-27 11:44:02'),(68,'viola.beier@example.com',NULL,'Rosalia','Hirthe',NULL,NULL,'https://via.placeholder.com/640x480.png/00ee55?text=people+odit','student','2022-11-27 11:43:59','$2y$10$oDMdLdjkrePp/9OKXjmPbeR0dGeHqtftKxF3d7DcN7IN7iIrAnYOy','qGh99cTdER','2022-11-27 11:44:02','2022-11-27 11:44:02'),(69,'heathcote.shaniya@example.org',NULL,'Savannah','McDermott',NULL,NULL,'https://via.placeholder.com/640x480.png/0011aa?text=people+qui','student','2022-11-27 11:43:59','$2y$10$OBlewYWmIUk8rr0.FZpS3Os3n390BOuZePDhXxkDKuH/0tdWHUL8y','4pXC38OGAr','2022-11-27 11:44:02','2022-11-27 11:44:02'),(70,'elmore.olson@example.com',NULL,'Jeffrey','Waters',NULL,NULL,'https://via.placeholder.com/640x480.png/0011ee?text=people+ipsa','student','2022-11-27 11:43:59','$2y$10$HJQ3wtZTr4UFraZgbd80fuRs6B5vDVDG.x6D/zjK5s1uUCBnfmRye','Y5pKvf9zEa','2022-11-27 11:44:02','2022-11-27 11:44:02'),(71,'chloe.pacocha@example.com',NULL,'Khalid','Price',NULL,NULL,'https://via.placeholder.com/640x480.png/002299?text=people+iusto','student','2022-11-27 11:43:59','$2y$10$QIY78kXDWvyaMxGyZqMlZ.3Tm6okzUhkMHBsbSU0Ih4jvs5.l3Z4m','gmgalPMKJf','2022-11-27 11:44:02','2022-11-27 11:44:02'),(72,'daniel.norris@example.net',NULL,'Deion','McCullough',NULL,NULL,'https://via.placeholder.com/640x480.png/0011dd?text=people+aut','student','2022-11-27 11:43:59','$2y$10$Bd/xcttMyFlIsYHFsURdU.zA96h.bdKCMVqSDLwfP437XIzUYozRu','9TLMBcYQRw','2022-11-27 11:44:02','2022-11-27 11:44:02'),(73,'jeremy.gleason@example.net',NULL,'Cassandra','Braun',NULL,NULL,'https://via.placeholder.com/640x480.png/00ffff?text=people+molestias','student','2022-11-27 11:44:00','$2y$10$ej0t0PmqjpZ9coJW50E7luAN2nCChKXeMtY6jVrPYFk4GNEkJI2B.','g4cc0dFoeM','2022-11-27 11:44:02','2022-11-27 11:44:02'),(74,'okon.glenda@example.net',NULL,'Kristian','Hickle',NULL,NULL,'https://via.placeholder.com/640x480.png/001188?text=people+distinctio','student','2022-11-27 11:44:00','$2y$10$9XoTbOYUF4XsGx.50NPKz.fEbm9FOGjpgCDnpX407FIB7EvAF2TDe','FGXln1VBRj','2022-11-27 11:44:03','2022-11-27 11:44:03'),(75,'frances.mcglynn@example.net',NULL,'Stephanie','Bogisich',NULL,NULL,'https://via.placeholder.com/640x480.png/004422?text=people+unde','student','2022-11-27 11:44:00','$2y$10$a7Wu1ARYCQEYYHmY90cgs.tY.NuBkMtSydFQ5/0lZ9yZ7TrXg40Je','N2ZukUus9z','2022-11-27 11:44:03','2022-11-27 11:44:03'),(76,'uyost@example.org',NULL,'Faye','Dooley',NULL,NULL,'https://via.placeholder.com/640x480.png/0055aa?text=people+recusandae','student','2022-11-27 11:44:00','$2y$10$7W8ZNT8MMGNBofiOLE74beia095Um8/mejRfNEeQsfjl0cuho30wm','jzXhutLz4R','2022-11-27 11:44:03','2022-11-27 11:44:03'),(77,'heidi.mraz@example.org',NULL,'Nadia','McCullough',NULL,NULL,'https://via.placeholder.com/640x480.png/007777?text=people+culpa','student','2022-11-27 11:44:00','$2y$10$XFbrGim0Hw0DqmaE9pES6OKnLTOUOLXHOxlmWOFj7ZRmirAdxQ2jW','yTeOMPM7On','2022-11-27 11:44:03','2022-11-27 11:44:03'),(78,'xkiehn@example.org',NULL,'Eloy','Connelly',NULL,NULL,'https://via.placeholder.com/640x480.png/00ffcc?text=people+aut','student','2022-11-27 11:44:00','$2y$10$cjOgu4CjBOKf7YfrnwN7GuCR9TwWudmP3le9heZshKX2HyN6TTWwy','gTtEWTlsPg','2022-11-27 11:44:03','2022-11-27 11:44:03'),(79,'block.janick@example.org',NULL,'Mckenna','Hintz',NULL,NULL,'https://via.placeholder.com/640x480.png/00ffbb?text=people+pariatur','student','2022-11-27 11:44:00','$2y$10$qzvDl2L/kNjuBNu1UeIv0utAMJVN8ecWAKgP1mQ4O41tw/yIRb4ZW','OV4ksqSYNC','2022-11-27 11:44:03','2022-11-27 11:44:03'),(80,'kayleigh.senger@example.net',NULL,'Marcella','Marvin',NULL,NULL,'https://via.placeholder.com/640x480.png/0033bb?text=people+dolore','student','2022-11-27 11:44:00','$2y$10$w3Ggzy0sdXvx0sxrane70.VD6/PAn8lGUW6BrHkimC5VoSh1wA8qi','jJRfrxmHKM','2022-11-27 11:44:03','2022-11-27 11:44:03'),(81,'lupe.stracke@example.com',NULL,'Reta','Dickens',NULL,NULL,'https://via.placeholder.com/640x480.png/00cc33?text=people+dolor','student','2022-11-27 11:44:00','$2y$10$AHzgvYKZd1Evb9O78tUHVepg.QOarSWWg9ajOCvdO52DnKZ7bgSDa','zd0aoKaklt','2022-11-27 11:44:03','2022-11-27 11:44:03'),(82,'tierra.nicolas@example.net',NULL,'Rebekah','Kreiger',NULL,NULL,'https://via.placeholder.com/640x480.png/006622?text=people+aut','student','2022-11-27 11:44:00','$2y$10$iY.IbUU4JvENlWFam5/Gq.TnRtVjbokHagCJ2SmMqOhgYIoIgbzeC','WPrseUlCbk','2022-11-27 11:44:03','2022-11-27 11:44:03'),(83,'ellsworth02@example.com',NULL,'Hilda','Kautzer',NULL,NULL,'https://via.placeholder.com/640x480.png/006666?text=people+omnis','student','2022-11-27 11:44:01','$2y$10$pN1dVRT7hBzJh7RKhJa4eeTM.bJ85F5e5SzGwfqU5WJ102ZBH9DHy','301qb5AHSl','2022-11-27 11:44:03','2022-11-27 11:44:03'),(84,'veum.lavonne@example.org',NULL,'Amparo','Bernhard',NULL,NULL,'https://via.placeholder.com/640x480.png/00eeee?text=people+voluptatem','student','2022-11-27 11:44:01','$2y$10$3/T9lAy287RV2eQrMADNOetDUpVjqvgmvQSGvjxHPhtah7YVn55G6','QSB3QNR905','2022-11-27 11:44:03','2022-11-27 11:44:03'),(85,'wyatt.lesch@example.org',NULL,'Cara','Parker',NULL,NULL,'https://via.placeholder.com/640x480.png/009988?text=people+et','student','2022-11-27 11:44:01','$2y$10$M6fTBoRSueo5ftYEKhUeuugX6KHbmHAhj4ttK8GzymxHbIOu5ie0a','qfSSRF2iyS','2022-11-27 11:44:03','2022-11-27 11:44:03'),(86,'fisher.jayda@example.net',NULL,'Nakia','Weber',NULL,NULL,'https://via.placeholder.com/640x480.png/00cc77?text=people+dolor','student','2022-11-27 11:44:01','$2y$10$A1WYi/21OfB8FoCH.BwqZep4sxgG6M93tqlqN4VSVqOYN9UT7MJWW','aZSAlg39Os','2022-11-27 11:44:03','2022-11-27 11:44:03'),(87,'willie.glover@example.com',NULL,'Alan','Klocko',NULL,NULL,'https://via.placeholder.com/640x480.png/00aaff?text=people+qui','student','2022-11-27 11:44:01','$2y$10$rUluCnsUfhfctgO2o4GyU.dH3utXoIylWQxnla8VuEAfv5tKviWJ.','l0cZ8whpoG','2022-11-27 11:44:03','2022-11-27 11:44:03'),(88,'ledner.sabina@example.com',NULL,'Talia','Pollich',NULL,NULL,'https://via.placeholder.com/640x480.png/009955?text=people+accusamus','student','2022-11-27 11:44:01','$2y$10$wXMGIRQ8x2rAQMkQz/QVSu1429SJtvQPg0XklRUoGd6J6Z.kS8Xd2','iuFCTPOXQM','2022-11-27 11:44:03','2022-11-27 11:44:03'),(89,'miles55@example.org',NULL,'Duane','Lang',NULL,NULL,'https://via.placeholder.com/640x480.png/005533?text=people+omnis','student','2022-11-27 11:44:01','$2y$10$qNG4XskSKpCDhMpqO9X9x.j9ngJ1vuciWmtLnZn0FFZkME8AAfMTi','5ANsWkLxYf','2022-11-27 11:44:03','2022-11-27 11:44:03'),(90,'lucy.veum@example.net',NULL,'Willa','Durgan',NULL,NULL,'https://via.placeholder.com/640x480.png/00ee77?text=people+omnis','student','2022-11-27 11:44:01','$2y$10$gFHqEJ40ymkIATGgSMi0SO8vHZMV32guEdqDyiTg37jtLvaleELwe','ECpvJYOmBQ','2022-11-27 11:44:03','2022-11-27 11:44:03'),(91,'wendell.schumm@example.org',NULL,'Grady','Kiehn',NULL,NULL,'https://via.placeholder.com/640x480.png/00dd22?text=people+fugit','student','2022-11-27 11:44:01','$2y$10$xKV8VTduuVDTnCyxI.K5K.3bTfN/TjOGgZ8ofLnL1Mh4Q6axgQ2C2','oUXCdvnxTV','2022-11-27 11:44:03','2022-11-27 11:44:03'),(92,'zgottlieb@example.net',NULL,'Cristobal','Jaskolski',NULL,NULL,'https://via.placeholder.com/640x480.png/00ccee?text=people+qui','student','2022-11-27 11:44:02','$2y$10$M/e6Crq4ZWYHGXfmc83veOoY64lsmMFBXxV5tU0JBBm8LBlD1vCqa','wuaGdBKwfE','2022-11-27 11:44:03','2022-11-27 11:44:03'),(93,'vfeil@example.com',NULL,'Avery','Schowalter',NULL,NULL,'https://via.placeholder.com/640x480.png/00dddd?text=people+voluptatibus','student','2022-11-27 11:44:02','$2y$10$esv.IkXb5KdHyGpgWKRS1ukg0XMA.xY/dJSaxasRJpS5DT7t/y.Aq','k0M8nInLCw','2022-11-27 11:44:03','2022-11-27 11:44:03'),(94,'svandervort@example.com',NULL,'Quinton','Powlowski',NULL,NULL,'https://via.placeholder.com/640x480.png/001188?text=people+rerum','student','2022-11-27 11:44:02','$2y$10$XxUAkOjSBUaALwCa/qbDB.pczC9MvOGLnhr3wx4AA5swuBOgs2p7u','mwfYBhk0iv','2022-11-27 11:44:03','2022-11-27 11:44:03'),(95,'elmer11@example.net',NULL,'John','Fay',NULL,NULL,'https://via.placeholder.com/640x480.png/002266?text=people+soluta','student','2022-11-27 11:44:02','$2y$10$mlbZu2PtWHqjyUEnnv0r1.vhxayF3a5bbJj8Q4g0.fAgLYsbtpjtu','s2EeGQawOO','2022-11-27 11:44:03','2022-11-27 11:44:03'),(96,'xmiller@example.com',NULL,'Louisa','Abernathy',NULL,NULL,'https://via.placeholder.com/640x480.png/009977?text=people+eos','student','2022-11-27 11:44:02','$2y$10$duyoL4X1qgyNHxnpT/MdQultUVg2b09bHNxuDw2E5t32loDr6hbPy','Izch43P4HT','2022-11-27 11:44:03','2022-11-27 11:44:03'),(97,'lyric.anderson@example.net',NULL,'Wendell','Raynor',NULL,NULL,'https://via.placeholder.com/640x480.png/00aa44?text=people+tempora','student','2022-11-27 11:44:02','$2y$10$vNFIqmiqO.W9Ig25.D3cv.080sXqDYrnphgbz3AWUxAAOYEi/AK0G','yZSWszRFNl','2022-11-27 11:44:03','2022-11-27 11:44:03'),(98,'scruickshank@example.net',NULL,'Allie','Pfeffer',NULL,NULL,'https://via.placeholder.com/640x480.png/005533?text=people+amet','student','2022-11-27 11:44:02','$2y$10$sbfqkfFbJKqTKOXvpydKYeUkBpGPfMNPzXJdZbGD60laJ5cIqhb6y','UrelszQyVy','2022-11-27 11:44:03','2022-11-27 11:44:03'),(99,'ernestina55@example.org',NULL,'Magdalen','Hoeger',NULL,NULL,'https://via.placeholder.com/640x480.png/0033ff?text=people+sequi','student','2022-11-27 11:44:02','$2y$10$oggleqU3ZPeB.WFcpiAYP.qjr611zBhScHSEEF/VivMXEgKDls3vS','Nk491HcoLF','2022-11-27 11:44:03','2022-11-27 11:44:03'),(100,'saul.boyle@example.net',NULL,'Olaf','D\'Amore',NULL,NULL,'https://via.placeholder.com/640x480.png/007733?text=people+voluptatem','student','2022-11-27 11:44:02','$2y$10$HfeG0QdiV8p.aYsoHEp59eULRa7UmqHp2Z3L7ENukdyxhV26YDEGe','n5tQIadIUj','2022-11-27 11:44:03','2022-11-27 11:44:03');
/*!40000 ALTER TABLE `users` ENABLE KEYS */;
UNLOCK TABLES;

--
-- Table structure for table `users_memberships`
--

DROP TABLE IF EXISTS `users_memberships`;
/*!40101 SET @saved_cs_client     = @@character_set_client */;
/*!50503 SET character_set_client = utf8mb4 */;
CREATE TABLE `users_memberships` (
  `id` bigint unsigned NOT NULL AUTO_INCREMENT,
  `user_id` bigint unsigned NOT NULL,
  `group_id` bigint unsigned NOT NULL,
  `created_at` timestamp NULL DEFAULT NULL,
  `updated_at` timestamp NULL DEFAULT NULL,
  PRIMARY KEY (`id`),
  KEY `users_memberships_user_id_foreign` (`user_id`),
  KEY `users_memberships_group_id_foreign` (`group_id`),
  CONSTRAINT `users_memberships_group_id_foreign` FOREIGN KEY (`group_id`) REFERENCES `groups` (`id`) ON DELETE CASCADE ON UPDATE CASCADE,
  CONSTRAINT `users_memberships_user_id_foreign` FOREIGN KEY (`user_id`) REFERENCES `users` (`id`) ON DELETE CASCADE ON UPDATE CASCADE
) ENGINE=InnoDB AUTO_INCREMENT=537 DEFAULT CHARSET=utf8mb4 COLLATE=utf8mb4_unicode_ci;
/*!40101 SET character_set_client = @saved_cs_client */;

--
-- Dumping data for table `users_memberships`
--

LOCK TABLES `users_memberships` WRITE;
/*!40000 ALTER TABLE `users_memberships` DISABLE KEYS */;
INSERT INTO `users_memberships` VALUES (1,10,1,NULL,NULL),(2,28,1,NULL,NULL),(3,26,4,NULL,NULL),(4,20,5,NULL,NULL),(5,3,6,NULL,NULL),(6,17,6,NULL,NULL),(7,33,2,NULL,NULL),(8,35,2,NULL,NULL),(9,38,2,NULL,NULL),(10,39,2,NULL,NULL),(11,44,2,NULL,NULL),(12,47,2,NULL,NULL),(13,50,2,NULL,NULL),(14,51,2,NULL,NULL),(15,52,2,NULL,NULL),(16,56,2,NULL,NULL),(17,58,2,NULL,NULL),(18,59,2,NULL,NULL),(19,61,2,NULL,NULL),(20,62,2,NULL,NULL),(21,67,2,NULL,NULL),(22,71,2,NULL,NULL),(23,73,2,NULL,NULL),(24,75,2,NULL,NULL),(25,78,2,NULL,NULL),(26,79,2,NULL,NULL),(27,80,2,NULL,NULL),(28,81,2,NULL,NULL),(29,84,2,NULL,NULL),(30,85,2,NULL,NULL),(31,86,2,NULL,NULL),(32,87,2,NULL,NULL),(33,88,2,NULL,NULL),(34,93,2,NULL,NULL),(35,94,2,NULL,NULL),(36,97,2,NULL,NULL),(37,100,2,NULL,NULL),(38,32,8,NULL,NULL),(39,34,8,NULL,NULL),(40,35,8,NULL,NULL),(41,37,8,NULL,NULL),(42,38,8,NULL,NULL),(43,39,8,NULL,NULL),(44,43,8,NULL,NULL),(45,44,8,NULL,NULL),(46,45,8,NULL,NULL),(47,46,8,NULL,NULL),(48,47,8,NULL,NULL),(49,50,8,NULL,NULL),(50,55,8,NULL,NULL),(51,59,8,NULL,NULL),(52,62,8,NULL,NULL),(53,64,8,NULL,NULL),(54,65,8,NULL,NULL),(55,66,8,NULL,NULL),(56,70,8,NULL,NULL),(57,72,8,NULL,NULL),(58,73,8,NULL,NULL),(59,74,8,NULL,NULL),(60,77,8,NULL,NULL),(61,78,8,NULL,NULL),(62,79,8,NULL,NULL),(63,80,8,NULL,NULL),(64,85,8,NULL,NULL),(65,89,8,NULL,NULL),(66,91,8,NULL,NULL),(67,92,8,NULL,NULL),(68,96,8,NULL,NULL),(69,35,9,NULL,NULL),(70,36,9,NULL,NULL),(71,42,9,NULL,NULL),(72,43,9,NULL,NULL),(73,44,9,NULL,NULL),(74,45,9,NULL,NULL),(75,49,9,NULL,NULL),(76,50,9,NULL,NULL),(77,59,9,NULL,NULL),(78,63,9,NULL,NULL),(79,66,9,NULL,NULL),(80,67,9,NULL,NULL),(81,68,9,NULL,NULL),(82,70,9,NULL,NULL),(83,71,9,NULL,NULL),(84,72,9,NULL,NULL),(85,82,9,NULL,NULL),(86,83,9,NULL,NULL),(87,84,9,NULL,NULL),(88,85,9,NULL,NULL),(89,87,9,NULL,NULL),(90,90,9,NULL,NULL),(91,93,9,NULL,NULL),(92,95,9,NULL,NULL),(93,96,9,NULL,NULL),(94,99,9,NULL,NULL),(95,2,10,NULL,NULL),(96,31,10,NULL,NULL),(97,32,10,NULL,NULL),(98,33,10,NULL,NULL),(99,35,10,NULL,NULL),(100,36,10,NULL,NULL),(101,37,10,NULL,NULL),(102,38,10,NULL,NULL),(103,39,10,NULL,NULL),(104,40,10,NULL,NULL),(105,41,10,NULL,NULL),(106,42,10,NULL,NULL),(107,43,10,NULL,NULL),(108,44,10,NULL,NULL),(109,45,10,NULL,NULL),(110,47,10,NULL,NULL),(111,49,10,NULL,NULL),(112,50,10,NULL,NULL),(113,51,10,NULL,NULL),(114,52,10,NULL,NULL),(115,53,10,NULL,NULL),(116,54,10,NULL,NULL),(117,55,10,NULL,NULL),(118,57,10,NULL,NULL),(119,58,10,NULL,NULL),(120,62,10,NULL,NULL),(121,64,10,NULL,NULL),(122,65,10,NULL,NULL),(123,66,10,NULL,NULL),(124,69,10,NULL,NULL),(125,71,10,NULL,NULL),(126,72,10,NULL,NULL),(127,74,10,NULL,NULL),(128,75,10,NULL,NULL),(129,76,10,NULL,NULL),(130,77,10,NULL,NULL),(131,78,10,NULL,NULL),(132,80,10,NULL,NULL),(133,82,10,NULL,NULL),(134,84,10,NULL,NULL),(135,86,10,NULL,NULL),(136,88,10,NULL,NULL),(137,89,10,NULL,NULL),(138,90,10,NULL,NULL),(139,93,10,NULL,NULL),(140,94,10,NULL,NULL),(141,95,10,NULL,NULL),(142,97,10,NULL,NULL),(143,98,10,NULL,NULL),(144,100,10,NULL,NULL),(145,31,11,NULL,NULL),(146,33,11,NULL,NULL),(147,35,11,NULL,NULL),(148,38,11,NULL,NULL),(149,47,11,NULL,NULL),(150,48,11,NULL,NULL),(151,49,11,NULL,NULL),(152,51,11,NULL,NULL),(153,53,11,NULL,NULL),(154,57,11,NULL,NULL),(155,59,11,NULL,NULL),(156,60,11,NULL,NULL),(157,64,11,NULL,NULL),(158,67,11,NULL,NULL),(159,69,11,NULL,NULL),(160,70,11,NULL,NULL),(161,71,11,NULL,NULL),(162,74,11,NULL,NULL),(163,76,11,NULL,NULL),(164,77,11,NULL,NULL),(165,79,11,NULL,NULL),(166,81,11,NULL,NULL),(167,82,11,NULL,NULL),(168,86,11,NULL,NULL),(169,88,11,NULL,NULL),(170,89,11,NULL,NULL),(171,91,11,NULL,NULL),(172,99,11,NULL,NULL),(173,100,11,NULL,NULL),(174,46,12,NULL,NULL),(175,50,12,NULL,NULL),(176,53,12,NULL,NULL),(177,61,12,NULL,NULL),(178,67,12,NULL,NULL),(179,84,12,NULL,NULL),(180,96,12,NULL,NULL),(181,35,13,NULL,NULL),(182,43,13,NULL,NULL),(183,50,13,NULL,NULL),(184,55,13,NULL,NULL),(185,58,13,NULL,NULL),(186,64,13,NULL,NULL),(187,74,13,NULL,NULL),(188,82,13,NULL,NULL),(189,85,13,NULL,NULL),(190,92,13,NULL,NULL),(191,94,13,NULL,NULL),(192,100,13,NULL,NULL),(193,36,14,NULL,NULL),(194,39,14,NULL,NULL),(195,44,14,NULL,NULL),(196,48,14,NULL,NULL),(197,55,14,NULL,NULL),(198,66,14,NULL,NULL),(199,68,14,NULL,NULL),(200,73,14,NULL,NULL),(201,83,14,NULL,NULL),(202,85,14,NULL,NULL),(203,92,14,NULL,NULL),(204,99,14,NULL,NULL),(205,32,15,NULL,NULL),(206,37,15,NULL,NULL),(207,38,15,NULL,NULL),(208,42,15,NULL,NULL),(209,43,15,NULL,NULL),(210,46,15,NULL,NULL),(211,51,15,NULL,NULL),(212,52,15,NULL,NULL),(213,53,15,NULL,NULL),(214,55,15,NULL,NULL),(215,56,15,NULL,NULL),(216,57,15,NULL,NULL),(217,63,15,NULL,NULL),(218,66,15,NULL,NULL),(219,68,15,NULL,NULL),(220,71,15,NULL,NULL),(221,72,15,NULL,NULL),(222,77,15,NULL,NULL),(223,78,15,NULL,NULL),(224,81,15,NULL,NULL),(225,82,15,NULL,NULL),(226,84,15,NULL,NULL),(227,87,15,NULL,NULL),(228,92,15,NULL,NULL),(229,96,15,NULL,NULL),(230,97,15,NULL,NULL),(231,100,15,NULL,NULL),(232,31,16,NULL,NULL),(233,34,16,NULL,NULL),(234,40,16,NULL,NULL),(235,42,16,NULL,NULL),(236,43,16,NULL,NULL),(237,46,16,NULL,NULL),(238,47,16,NULL,NULL),(239,48,16,NULL,NULL),(240,50,16,NULL,NULL),(241,52,16,NULL,NULL),(242,56,16,NULL,NULL),(243,57,16,NULL,NULL),(244,58,16,NULL,NULL),(245,60,16,NULL,NULL),(246,61,16,NULL,NULL),(247,65,16,NULL,NULL),(248,66,16,NULL,NULL),(249,69,16,NULL,NULL),(250,71,16,NULL,NULL),(251,75,16,NULL,NULL),(252,79,16,NULL,NULL),(253,90,16,NULL,NULL),(254,91,16,NULL,NULL),(255,95,16,NULL,NULL),(256,98,16,NULL,NULL),(257,100,16,NULL,NULL),(258,2,17,NULL,NULL),(259,32,17,NULL,NULL),(260,33,17,NULL,NULL),(261,34,17,NULL,NULL),(262,35,17,NULL,NULL),(263,36,17,NULL,NULL),(264,37,17,NULL,NULL),(265,40,17,NULL,NULL),(266,43,17,NULL,NULL),(267,46,17,NULL,NULL),(268,49,17,NULL,NULL),(269,50,17,NULL,NULL),(270,51,17,NULL,NULL),(271,52,17,NULL,NULL),(272,54,17,NULL,NULL),(273,56,17,NULL,NULL),(274,58,17,NULL,NULL),(275,59,17,NULL,NULL),(276,60,17,NULL,NULL),(277,61,17,NULL,NULL),(278,63,17,NULL,NULL),(279,64,17,NULL,NULL),(280,67,17,NULL,NULL),(281,69,17,NULL,NULL),(282,72,17,NULL,NULL),(283,75,17,NULL,NULL),(284,76,17,NULL,NULL),(285,79,17,NULL,NULL),(286,83,17,NULL,NULL),(287,84,17,NULL,NULL),(288,86,17,NULL,NULL),(289,87,17,NULL,NULL),(290,90,17,NULL,NULL),(291,93,17,NULL,NULL),(292,94,17,NULL,NULL),(293,96,17,NULL,NULL),(294,97,17,NULL,NULL),(295,98,17,NULL,NULL),(296,99,17,NULL,NULL),(297,35,18,NULL,NULL),(298,38,18,NULL,NULL),(299,51,18,NULL,NULL),(300,52,18,NULL,NULL),(301,58,18,NULL,NULL),(302,60,18,NULL,NULL),(303,67,18,NULL,NULL),(304,83,18,NULL,NULL),(305,94,18,NULL,NULL),(306,31,19,NULL,NULL),(307,32,19,NULL,NULL),(308,37,19,NULL,NULL),(309,38,19,NULL,NULL),(310,43,19,NULL,NULL),(311,47,19,NULL,NULL),(312,48,19,NULL,NULL),(313,51,19,NULL,NULL),(314,58,19,NULL,NULL),(315,61,19,NULL,NULL),(316,64,19,NULL,NULL),(317,68,19,NULL,NULL),(318,69,19,NULL,NULL),(319,71,19,NULL,NULL),(320,74,19,NULL,NULL),(321,76,19,NULL,NULL),(322,79,19,NULL,NULL),(323,84,19,NULL,NULL),(324,88,19,NULL,NULL),(325,97,19,NULL,NULL),(326,100,19,NULL,NULL),(327,2,20,NULL,NULL),(328,55,20,NULL,NULL),(329,56,20,NULL,NULL),(330,65,20,NULL,NULL),(331,69,20,NULL,NULL),(332,74,20,NULL,NULL),(333,76,20,NULL,NULL),(334,81,20,NULL,NULL),(335,84,20,NULL,NULL),(336,87,20,NULL,NULL),(337,88,20,NULL,NULL),(338,89,20,NULL,NULL),(339,96,20,NULL,NULL),(340,100,20,NULL,NULL),(341,34,21,NULL,NULL),(342,35,21,NULL,NULL),(343,37,21,NULL,NULL),(344,38,21,NULL,NULL),(345,45,21,NULL,NULL),(346,46,21,NULL,NULL),(347,47,21,NULL,NULL),(348,48,21,NULL,NULL),(349,49,21,NULL,NULL),(350,50,21,NULL,NULL),(351,51,21,NULL,NULL),(352,53,21,NULL,NULL),(353,56,21,NULL,NULL),(354,57,21,NULL,NULL),(355,58,21,NULL,NULL),(356,59,21,NULL,NULL),(357,62,21,NULL,NULL),(358,63,21,NULL,NULL),(359,66,21,NULL,NULL),(360,67,21,NULL,NULL),(361,68,21,NULL,NULL),(362,70,21,NULL,NULL),(363,72,21,NULL,NULL),(364,73,21,NULL,NULL),(365,77,21,NULL,NULL),(366,78,21,NULL,NULL),(367,79,21,NULL,NULL),(368,83,21,NULL,NULL),(369,84,21,NULL,NULL),(370,91,21,NULL,NULL),(371,95,21,NULL,NULL),(372,96,21,NULL,NULL),(373,97,21,NULL,NULL),(374,98,21,NULL,NULL),(375,99,21,NULL,NULL),(376,2,22,NULL,NULL),(377,31,22,NULL,NULL),(378,33,22,NULL,NULL),(379,34,22,NULL,NULL),(380,35,22,NULL,NULL),(381,36,22,NULL,NULL),(382,38,22,NULL,NULL),(383,40,22,NULL,NULL),(384,41,22,NULL,NULL),(385,43,22,NULL,NULL),(386,44,22,NULL,NULL),(387,45,22,NULL,NULL),(388,49,22,NULL,NULL),(389,50,22,NULL,NULL),(390,51,22,NULL,NULL),(391,52,22,NULL,NULL),(392,53,22,NULL,NULL),(393,54,22,NULL,NULL),(394,57,22,NULL,NULL),(395,60,22,NULL,NULL),(396,61,22,NULL,NULL),(397,62,22,NULL,NULL),(398,63,22,NULL,NULL),(399,64,22,NULL,NULL),(400,66,22,NULL,NULL),(401,67,22,NULL,NULL),(402,69,22,NULL,NULL),(403,71,22,NULL,NULL),(404,72,22,NULL,NULL),(405,74,22,NULL,NULL),(406,77,22,NULL,NULL),(407,78,22,NULL,NULL),(408,80,22,NULL,NULL),(409,82,22,NULL,NULL),(410,83,22,NULL,NULL),(411,84,22,NULL,NULL),(412,85,22,NULL,NULL),(413,89,22,NULL,NULL),(414,90,22,NULL,NULL),(415,91,22,NULL,NULL),(416,93,22,NULL,NULL),(417,94,22,NULL,NULL),(418,95,22,NULL,NULL),(419,96,22,NULL,NULL),(420,97,22,NULL,NULL),(421,99,22,NULL,NULL),(422,100,22,NULL,NULL),(423,2,24,NULL,NULL),(424,32,24,NULL,NULL),(425,36,24,NULL,NULL),(426,40,24,NULL,NULL),(427,41,24,NULL,NULL),(428,42,24,NULL,NULL),(429,45,24,NULL,NULL),(430,46,24,NULL,NULL),(431,47,24,NULL,NULL),(432,49,24,NULL,NULL),(433,50,24,NULL,NULL),(434,52,24,NULL,NULL),(435,57,24,NULL,NULL),(436,62,24,NULL,NULL),(437,63,24,NULL,NULL),(438,67,24,NULL,NULL),(439,68,24,NULL,NULL),(440,69,24,NULL,NULL),(441,72,24,NULL,NULL),(442,77,24,NULL,NULL),(443,81,24,NULL,NULL),(444,84,24,NULL,NULL),(445,88,24,NULL,NULL),(446,89,24,NULL,NULL),(447,90,24,NULL,NULL),(448,93,24,NULL,NULL),(449,95,24,NULL,NULL),(450,96,24,NULL,NULL),(451,97,24,NULL,NULL),(452,99,24,NULL,NULL),(453,40,25,NULL,NULL),(454,44,25,NULL,NULL),(455,52,25,NULL,NULL),(456,56,25,NULL,NULL),(457,81,25,NULL,NULL),(458,88,25,NULL,NULL),(459,95,25,NULL,NULL),(460,2,26,NULL,NULL),(461,31,26,NULL,NULL),(462,32,26,NULL,NULL),(463,33,26,NULL,NULL),(464,34,26,NULL,NULL),(465,36,26,NULL,NULL),(466,37,26,NULL,NULL),(467,39,26,NULL,NULL),(468,40,26,NULL,NULL),(469,41,26,NULL,NULL),(470,42,26,NULL,NULL),(471,43,26,NULL,NULL),(472,44,26,NULL,NULL),(473,45,26,NULL,NULL),(474,46,26,NULL,NULL),(475,47,26,NULL,NULL),(476,53,26,NULL,NULL),(477,54,26,NULL,NULL),(478,55,26,NULL,NULL),(479,61,26,NULL,NULL),(480,62,26,NULL,NULL),(481,63,26,NULL,NULL),(482,64,26,NULL,NULL),(483,69,26,NULL,NULL),(484,70,26,NULL,NULL),(485,71,26,NULL,NULL),(486,72,26,NULL,NULL),(487,73,26,NULL,NULL),(488,74,26,NULL,NULL),(489,75,26,NULL,NULL),(490,76,26,NULL,NULL),(491,77,26,NULL,NULL),(492,78,26,NULL,NULL),(493,79,26,NULL,NULL),(494,80,26,NULL,NULL),(495,81,26,NULL,NULL),(496,83,26,NULL,NULL),(497,84,26,NULL,NULL),(498,85,26,NULL,NULL),(499,86,26,NULL,NULL),(500,87,26,NULL,NULL),(501,88,26,NULL,NULL),(502,89,26,NULL,NULL),(503,90,26,NULL,NULL),(504,91,26,NULL,NULL),(505,92,26,NULL,NULL),(506,93,26,NULL,NULL),(507,95,26,NULL,NULL),(508,96,26,NULL,NULL),(509,99,26,NULL,NULL),(510,100,26,NULL,NULL),(511,34,27,NULL,NULL),(512,37,27,NULL,NULL),(513,41,27,NULL,NULL),(514,42,27,NULL,NULL),(515,50,27,NULL,NULL),(516,52,27,NULL,NULL),(517,53,27,NULL,NULL),(518,55,27,NULL,NULL),(519,60,27,NULL,NULL),(520,61,27,NULL,NULL),(521,62,27,NULL,NULL),(522,65,27,NULL,NULL),(523,72,27,NULL,NULL),(524,73,27,NULL,NULL),(525,75,27,NULL,NULL),(526,76,27,NULL,NULL),(527,80,27,NULL,NULL),(528,86,27,NULL,NULL),(529,89,27,NULL,NULL),(530,93,27,NULL,NULL),(531,94,27,NULL,NULL),(532,96,27,NULL,NULL),(533,97,27,NULL,NULL),(534,98,27,NULL,NULL),(535,3,1,NULL,NULL),(536,2,2,NULL,NULL);
/*!40000 ALTER TABLE `users_memberships` ENABLE KEYS */;
UNLOCK TABLES;
/*!40103 SET TIME_ZONE=@OLD_TIME_ZONE */;

/*!40101 SET SQL_MODE=@OLD_SQL_MODE */;
/*!40014 SET FOREIGN_KEY_CHECKS=@OLD_FOREIGN_KEY_CHECKS */;
/*!40014 SET UNIQUE_CHECKS=@OLD_UNIQUE_CHECKS */;
/*!40101 SET CHARACTER_SET_CLIENT=@OLD_CHARACTER_SET_CLIENT */;
/*!40101 SET CHARACTER_SET_RESULTS=@OLD_CHARACTER_SET_RESULTS */;
/*!40101 SET COLLATION_CONNECTION=@OLD_COLLATION_CONNECTION */;
/*!40111 SET SQL_NOTES=@OLD_SQL_NOTES */;

-- Dump completed on 2022-11-27 13:47:22
